-- MySQL dump 10.13  Distrib 8.0.38, for Win64 (x86_64)
--
-- Host: 127.0.0.1    Database: items
-- ------------------------------------------------------
-- Server version	8.0.39

/*!40101 SET @OLD_CHARACTER_SET_CLIENT=@@CHARACTER_SET_CLIENT */;
/*!40101 SET @OLD_CHARACTER_SET_RESULTS=@@CHARACTER_SET_RESULTS */;
/*!40101 SET @OLD_COLLATION_CONNECTION=@@COLLATION_CONNECTION */;
/*!50503 SET NAMES utf8 */;
/*!40103 SET @OLD_TIME_ZONE=@@TIME_ZONE */;
/*!40103 SET TIME_ZONE='+00:00' */;
/*!40014 SET @OLD_UNIQUE_CHECKS=@@UNIQUE_CHECKS, UNIQUE_CHECKS=0 */;
/*!40014 SET @OLD_FOREIGN_KEY_CHECKS=@@FOREIGN_KEY_CHECKS, FOREIGN_KEY_CHECKS=0 */;
/*!40101 SET @OLD_SQL_MODE=@@SQL_MODE, SQL_MODE='NO_AUTO_VALUE_ON_ZERO' */;
/*!40111 SET @OLD_SQL_NOTES=@@SQL_NOTES, SQL_NOTES=0 */;

--
-- Table structure for table `auth_group`
--

DROP TABLE IF EXISTS `auth_group`;
/*!40101 SET @saved_cs_client     = @@character_set_client */;
/*!50503 SET character_set_client = utf8mb4 */;
CREATE TABLE `auth_group` (
  `id` int NOT NULL AUTO_INCREMENT,
  `name` varchar(150) NOT NULL,
  PRIMARY KEY (`id`),
  UNIQUE KEY `name` (`name`)
) ENGINE=InnoDB DEFAULT CHARSET=utf8mb4 COLLATE=utf8mb4_0900_ai_ci;
/*!40101 SET character_set_client = @saved_cs_client */;

--
-- Dumping data for table `auth_group`
--

LOCK TABLES `auth_group` WRITE;
/*!40000 ALTER TABLE `auth_group` DISABLE KEYS */;
/*!40000 ALTER TABLE `auth_group` ENABLE KEYS */;
UNLOCK TABLES;

--
-- Table structure for table `auth_group_permissions`
--

DROP TABLE IF EXISTS `auth_group_permissions`;
/*!40101 SET @saved_cs_client     = @@character_set_client */;
/*!50503 SET character_set_client = utf8mb4 */;
CREATE TABLE `auth_group_permissions` (
  `id` bigint NOT NULL AUTO_INCREMENT,
  `group_id` int NOT NULL,
  `permission_id` int NOT NULL,
  PRIMARY KEY (`id`),
  UNIQUE KEY `auth_group_permissions_group_id_permission_id_0cd325b0_uniq` (`group_id`,`permission_id`),
  KEY `auth_group_permissio_permission_id_84c5c92e_fk_auth_perm` (`permission_id`),
  CONSTRAINT `auth_group_permissio_permission_id_84c5c92e_fk_auth_perm` FOREIGN KEY (`permission_id`) REFERENCES `auth_permission` (`id`),
  CONSTRAINT `auth_group_permissions_group_id_b120cbf9_fk_auth_group_id` FOREIGN KEY (`group_id`) REFERENCES `auth_group` (`id`)
) ENGINE=InnoDB DEFAULT CHARSET=utf8mb4 COLLATE=utf8mb4_0900_ai_ci;
/*!40101 SET character_set_client = @saved_cs_client */;

--
-- Dumping data for table `auth_group_permissions`
--

LOCK TABLES `auth_group_permissions` WRITE;
/*!40000 ALTER TABLE `auth_group_permissions` DISABLE KEYS */;
/*!40000 ALTER TABLE `auth_group_permissions` ENABLE KEYS */;
UNLOCK TABLES;

--
-- Table structure for table `auth_permission`
--

DROP TABLE IF EXISTS `auth_permission`;
/*!40101 SET @saved_cs_client     = @@character_set_client */;
/*!50503 SET character_set_client = utf8mb4 */;
CREATE TABLE `auth_permission` (
  `id` int NOT NULL AUTO_INCREMENT,
  `name` varchar(255) NOT NULL,
  `content_type_id` int NOT NULL,
  `codename` varchar(100) NOT NULL,
  PRIMARY KEY (`id`),
  UNIQUE KEY `auth_permission_content_type_id_codename_01ab375a_uniq` (`content_type_id`,`codename`),
  CONSTRAINT `auth_permission_content_type_id_2f476e4b_fk_django_co` FOREIGN KEY (`content_type_id`) REFERENCES `django_content_type` (`id`)
) ENGINE=InnoDB AUTO_INCREMENT=37 DEFAULT CHARSET=utf8mb4 COLLATE=utf8mb4_0900_ai_ci;
/*!40101 SET character_set_client = @saved_cs_client */;

--
-- Dumping data for table `auth_permission`
--

LOCK TABLES `auth_permission` WRITE;
/*!40000 ALTER TABLE `auth_permission` DISABLE KEYS */;
INSERT INTO `auth_permission` VALUES (1,'Can add items',1,'add_items'),(2,'Can change items',1,'change_items'),(3,'Can delete items',1,'delete_items'),(4,'Can view items',1,'view_items'),(5,'Can add items audit log',2,'add_itemsauditlog'),(6,'Can change items audit log',2,'change_itemsauditlog'),(7,'Can delete items audit log',2,'delete_itemsauditlog'),(8,'Can view items audit log',2,'view_itemsauditlog'),(9,'Can add log entry',3,'add_logentry'),(10,'Can change log entry',3,'change_logentry'),(11,'Can delete log entry',3,'delete_logentry'),(12,'Can view log entry',3,'view_logentry'),(13,'Can add permission',4,'add_permission'),(14,'Can change permission',4,'change_permission'),(15,'Can delete permission',4,'delete_permission'),(16,'Can view permission',4,'view_permission'),(17,'Can add group',5,'add_group'),(18,'Can change group',5,'change_group'),(19,'Can delete group',5,'delete_group'),(20,'Can view group',5,'view_group'),(21,'Can add user',6,'add_user'),(22,'Can change user',6,'change_user'),(23,'Can delete user',6,'delete_user'),(24,'Can view user',6,'view_user'),(25,'Can add content type',7,'add_contenttype'),(26,'Can change content type',7,'change_contenttype'),(27,'Can delete content type',7,'delete_contenttype'),(28,'Can view content type',7,'view_contenttype'),(29,'Can add session',8,'add_session'),(30,'Can change session',8,'change_session'),(31,'Can delete session',8,'delete_session'),(32,'Can view session',8,'view_session'),(33,'Can add item tombo',9,'add_itemtombo'),(34,'Can change item tombo',9,'change_itemtombo'),(35,'Can delete item tombo',9,'delete_itemtombo'),(36,'Can view item tombo',9,'view_itemtombo');
/*!40000 ALTER TABLE `auth_permission` ENABLE KEYS */;
UNLOCK TABLES;

--
-- Table structure for table `auth_user`
--

DROP TABLE IF EXISTS `auth_user`;
/*!40101 SET @saved_cs_client     = @@character_set_client */;
/*!50503 SET character_set_client = utf8mb4 */;
CREATE TABLE `auth_user` (
  `id` int NOT NULL AUTO_INCREMENT,
  `password` varchar(128) NOT NULL,
  `last_login` datetime(6) DEFAULT NULL,
  `is_superuser` tinyint(1) NOT NULL,
  `username` varchar(150) NOT NULL,
  `first_name` varchar(150) NOT NULL,
  `last_name` varchar(150) NOT NULL,
  `email` varchar(254) NOT NULL,
  `is_staff` tinyint(1) NOT NULL,
  `is_active` tinyint(1) NOT NULL,
  `date_joined` datetime(6) NOT NULL,
  PRIMARY KEY (`id`),
  UNIQUE KEY `username` (`username`)
) ENGINE=InnoDB AUTO_INCREMENT=2 DEFAULT CHARSET=utf8mb4 COLLATE=utf8mb4_0900_ai_ci;
/*!40101 SET character_set_client = @saved_cs_client */;

--
-- Dumping data for table `auth_user`
--

LOCK TABLES `auth_user` WRITE;
/*!40000 ALTER TABLE `auth_user` DISABLE KEYS */;
INSERT INTO `auth_user` VALUES (1,'pbkdf2_sha256$720000$4tvCBAQcaMg5m8JX62sJn4$ofYbjQPfd/Wfgj5lZkcly+wWzoD55gEgol7tySxAlT8=','2024-11-13 17:35:56.020190',1,'lucas','','','',1,1,'2024-09-09 12:57:16.016844');
/*!40000 ALTER TABLE `auth_user` ENABLE KEYS */;
UNLOCK TABLES;

--
-- Table structure for table `auth_user_groups`
--

DROP TABLE IF EXISTS `auth_user_groups`;
/*!40101 SET @saved_cs_client     = @@character_set_client */;
/*!50503 SET character_set_client = utf8mb4 */;
CREATE TABLE `auth_user_groups` (
  `id` bigint NOT NULL AUTO_INCREMENT,
  `user_id` int NOT NULL,
  `group_id` int NOT NULL,
  PRIMARY KEY (`id`),
  UNIQUE KEY `auth_user_groups_user_id_group_id_94350c0c_uniq` (`user_id`,`group_id`),
  KEY `auth_user_groups_group_id_97559544_fk_auth_group_id` (`group_id`),
  CONSTRAINT `auth_user_groups_group_id_97559544_fk_auth_group_id` FOREIGN KEY (`group_id`) REFERENCES `auth_group` (`id`),
  CONSTRAINT `auth_user_groups_user_id_6a12ed8b_fk_auth_user_id` FOREIGN KEY (`user_id`) REFERENCES `auth_user` (`id`)
) ENGINE=InnoDB DEFAULT CHARSET=utf8mb4 COLLATE=utf8mb4_0900_ai_ci;
/*!40101 SET character_set_client = @saved_cs_client */;

--
-- Dumping data for table `auth_user_groups`
--

LOCK TABLES `auth_user_groups` WRITE;
/*!40000 ALTER TABLE `auth_user_groups` DISABLE KEYS */;
/*!40000 ALTER TABLE `auth_user_groups` ENABLE KEYS */;
UNLOCK TABLES;

--
-- Table structure for table `auth_user_user_permissions`
--

DROP TABLE IF EXISTS `auth_user_user_permissions`;
/*!40101 SET @saved_cs_client     = @@character_set_client */;
/*!50503 SET character_set_client = utf8mb4 */;
CREATE TABLE `auth_user_user_permissions` (
  `id` bigint NOT NULL AUTO_INCREMENT,
  `user_id` int NOT NULL,
  `permission_id` int NOT NULL,
  PRIMARY KEY (`id`),
  UNIQUE KEY `auth_user_user_permissions_user_id_permission_id_14a6b632_uniq` (`user_id`,`permission_id`),
  KEY `auth_user_user_permi_permission_id_1fbb5f2c_fk_auth_perm` (`permission_id`),
  CONSTRAINT `auth_user_user_permi_permission_id_1fbb5f2c_fk_auth_perm` FOREIGN KEY (`permission_id`) REFERENCES `auth_permission` (`id`),
  CONSTRAINT `auth_user_user_permissions_user_id_a95ead1b_fk_auth_user_id` FOREIGN KEY (`user_id`) REFERENCES `auth_user` (`id`)
) ENGINE=InnoDB DEFAULT CHARSET=utf8mb4 COLLATE=utf8mb4_0900_ai_ci;
/*!40101 SET character_set_client = @saved_cs_client */;

--
-- Dumping data for table `auth_user_user_permissions`
--

LOCK TABLES `auth_user_user_permissions` WRITE;
/*!40000 ALTER TABLE `auth_user_user_permissions` DISABLE KEYS */;
/*!40000 ALTER TABLE `auth_user_user_permissions` ENABLE KEYS */;
UNLOCK TABLES;

--
-- Table structure for table `django_admin_log`
--

DROP TABLE IF EXISTS `django_admin_log`;
/*!40101 SET @saved_cs_client     = @@character_set_client */;
/*!50503 SET character_set_client = utf8mb4 */;
CREATE TABLE `django_admin_log` (
  `id` int NOT NULL AUTO_INCREMENT,
  `action_time` datetime(6) NOT NULL,
  `object_id` longtext,
  `object_repr` varchar(200) NOT NULL,
  `action_flag` smallint unsigned NOT NULL,
  `change_message` longtext NOT NULL,
  `content_type_id` int DEFAULT NULL,
  `user_id` int NOT NULL,
  PRIMARY KEY (`id`),
  KEY `django_admin_log_content_type_id_c4bce8eb_fk_django_co` (`content_type_id`),
  KEY `django_admin_log_user_id_c564eba6_fk_auth_user_id` (`user_id`),
  CONSTRAINT `django_admin_log_content_type_id_c4bce8eb_fk_django_co` FOREIGN KEY (`content_type_id`) REFERENCES `django_content_type` (`id`),
  CONSTRAINT `django_admin_log_user_id_c564eba6_fk_auth_user_id` FOREIGN KEY (`user_id`) REFERENCES `auth_user` (`id`),
  CONSTRAINT `django_admin_log_chk_1` CHECK ((`action_flag` >= 0))
) ENGINE=InnoDB DEFAULT CHARSET=utf8mb4 COLLATE=utf8mb4_0900_ai_ci;
/*!40101 SET character_set_client = @saved_cs_client */;

--
-- Dumping data for table `django_admin_log`
--

LOCK TABLES `django_admin_log` WRITE;
/*!40000 ALTER TABLE `django_admin_log` DISABLE KEYS */;
/*!40000 ALTER TABLE `django_admin_log` ENABLE KEYS */;
UNLOCK TABLES;

--
-- Table structure for table `django_content_type`
--

DROP TABLE IF EXISTS `django_content_type`;
/*!40101 SET @saved_cs_client     = @@character_set_client */;
/*!50503 SET character_set_client = utf8mb4 */;
CREATE TABLE `django_content_type` (
  `id` int NOT NULL AUTO_INCREMENT,
  `app_label` varchar(100) NOT NULL,
  `model` varchar(100) NOT NULL,
  PRIMARY KEY (`id`),
  UNIQUE KEY `django_content_type_app_label_model_76bd3d3b_uniq` (`app_label`,`model`)
) ENGINE=InnoDB AUTO_INCREMENT=10 DEFAULT CHARSET=utf8mb4 COLLATE=utf8mb4_0900_ai_ci;
/*!40101 SET character_set_client = @saved_cs_client */;

--
-- Dumping data for table `django_content_type`
--

LOCK TABLES `django_content_type` WRITE;
/*!40000 ALTER TABLE `django_content_type` DISABLE KEYS */;
INSERT INTO `django_content_type` VALUES (3,'admin','logentry'),(5,'auth','group'),(4,'auth','permission'),(6,'auth','user'),(7,'contenttypes','contenttype'),(1,'items','items'),(2,'items','itemsauditlog'),(9,'items','itemtombo'),(8,'sessions','session');
/*!40000 ALTER TABLE `django_content_type` ENABLE KEYS */;
UNLOCK TABLES;

--
-- Table structure for table `django_migrations`
--

DROP TABLE IF EXISTS `django_migrations`;
/*!40101 SET @saved_cs_client     = @@character_set_client */;
/*!50503 SET character_set_client = utf8mb4 */;
CREATE TABLE `django_migrations` (
  `id` bigint NOT NULL AUTO_INCREMENT,
  `app` varchar(255) NOT NULL,
  `name` varchar(255) NOT NULL,
  `applied` datetime(6) NOT NULL,
  PRIMARY KEY (`id`)
) ENGINE=InnoDB AUTO_INCREMENT=43 DEFAULT CHARSET=utf8mb4 COLLATE=utf8mb4_0900_ai_ci;
/*!40101 SET character_set_client = @saved_cs_client */;

--
-- Dumping data for table `django_migrations`
--

LOCK TABLES `django_migrations` WRITE;
/*!40000 ALTER TABLE `django_migrations` DISABLE KEYS */;
INSERT INTO `django_migrations` VALUES (1,'contenttypes','0001_initial','2024-09-09 12:56:53.910824'),(2,'auth','0001_initial','2024-09-09 12:56:54.383088'),(3,'admin','0001_initial','2024-09-09 12:56:54.527357'),(4,'admin','0002_logentry_remove_auto_add','2024-09-09 12:56:54.542981'),(5,'admin','0003_logentry_add_action_flag_choices','2024-09-09 12:56:54.556837'),(6,'contenttypes','0002_remove_content_type_name','2024-09-09 12:56:54.710983'),(7,'auth','0002_alter_permission_name_max_length','2024-09-09 12:56:54.853517'),(8,'auth','0003_alter_user_email_max_length','2024-09-09 12:56:54.924122'),(9,'auth','0004_alter_user_username_opts','2024-09-09 12:56:54.953332'),(10,'auth','0005_alter_user_last_login_null','2024-09-09 12:56:55.063644'),(11,'auth','0006_require_contenttypes_0002','2024-09-09 12:56:55.063644'),(12,'auth','0007_alter_validators_add_error_messages','2024-09-09 12:56:55.063644'),(13,'auth','0008_alter_user_username_max_length','2024-09-09 12:56:55.139396'),(14,'auth','0009_alter_user_last_name_max_length','2024-09-09 12:56:55.206673'),(15,'auth','0010_alter_group_name_max_length','2024-09-09 12:56:55.228304'),(16,'auth','0011_update_proxy_permissions','2024-09-09 12:56:55.243700'),(17,'auth','0012_alter_user_first_name_max_length','2024-09-09 12:56:55.311583'),(18,'items','0001_initial','2024-09-09 12:56:55.327770'),(19,'items','0002_remove_items_title_items_brand_items_location_and_more','2024-09-09 12:56:55.507754'),(20,'items','0003_alter_items_observation','2024-09-09 12:56:55.507754'),(21,'items','0004_items_locality','2024-09-09 12:56:55.574364'),(22,'items','0005_alter_items_quantity','2024-09-09 12:56:55.711264'),(23,'items','0006_itemsauditlog','2024-09-09 12:56:55.790926'),(24,'items','0007_remove_itemsauditlog_changes_and_more','2024-09-09 12:56:56.189370'),(25,'items','0008_itemsauditlog_changes_itemsauditlog_model_name_and_more','2024-09-09 12:56:56.452608'),(26,'items','0009_remove_itemsauditlog_model_name_and_more','2024-09-09 12:56:56.506891'),(27,'items','0010_alter_itemsauditlog_item','2024-09-09 12:56:56.659656'),(28,'items','0011_itemsauditlog_item_deletado','2024-09-09 12:56:56.708855'),(29,'sessions','0001_initial','2024-09-09 12:56:56.756326'),(30,'items','0012_remove_items_finished_at','2024-09-10 13:54:41.963272'),(31,'items','0013_alter_items_id','2024-09-10 13:59:50.911828'),(32,'items','0014_alter_items_id','2024-09-10 14:13:03.328770'),(33,'items','0015_remove_items_locality','2024-09-11 14:01:50.133353'),(34,'items','0016_items_nmr_tombo','2024-09-13 13:22:07.132994'),(35,'items','0017_alter_items_nmr_tombo','2024-09-13 13:24:03.664904'),(36,'items','0018_alter_items_nmr_tombo','2024-09-13 14:08:36.144562'),(37,'items','0019_alter_items_observation','2024-09-13 14:11:41.892496'),(38,'items','0020_alter_items_nmr_tombo_alter_items_observation','2024-09-13 14:13:31.679102'),(39,'items','0021_itemtombo','2024-09-25 18:17:23.815860'),(40,'items','0022_auto_20240919_1120','2024-09-25 18:17:23.841993'),(41,'items','0023_remove_items_nmr_tombo','2024-09-25 18:17:23.872172'),(42,'items','0024_alter_items_observation_alter_itemtombo_tombo','2024-09-26 14:12:00.617117');
/*!40000 ALTER TABLE `django_migrations` ENABLE KEYS */;
UNLOCK TABLES;

--
-- Table structure for table `django_session`
--

DROP TABLE IF EXISTS `django_session`;
/*!40101 SET @saved_cs_client     = @@character_set_client */;
/*!50503 SET character_set_client = utf8mb4 */;
CREATE TABLE `django_session` (
  `session_key` varchar(40) NOT NULL,
  `session_data` longtext NOT NULL,
  `expire_date` datetime(6) NOT NULL,
  PRIMARY KEY (`session_key`),
  KEY `django_session_expire_date_a5c62663` (`expire_date`)
) ENGINE=InnoDB DEFAULT CHARSET=utf8mb4 COLLATE=utf8mb4_0900_ai_ci;
/*!40101 SET character_set_client = @saved_cs_client */;

--
-- Dumping data for table `django_session`
--

LOCK TABLES `django_session` WRITE;
/*!40000 ALTER TABLE `django_session` DISABLE KEYS */;
INSERT INTO `django_session` VALUES ('076hrq6pdyjnudueq83pa59slv46o5xu','.eJxVjMsOwiAQRf-FtSEdYKB16d5vIDxmpGogKe3K-O_apAvd3nPOfQkftrX4rdPi5yzOAsTpd4shPajuIN9DvTWZWl2XOcpdkQft8toyPS-H-3dQQi_fWqkpJ6eQLToCBzmCVpYYDY-sp4EpatQ2miECoVNgEpqsiW0yo0Ur3h_QoDdO:1t839K:fTdqpwqKcq0qz37jhMSI9tRsUhGQ7_-_8W5a73pqeZc','2024-11-04 20:24:06.226947'),('0d81rqjtadzi0cyfre1h3o3nkyhfrrma','.eJxVjMsOwiAQRf-FtSEdYKB16d5vIDxmpGogKe3K-O_apAvd3nPOfQkftrX4rdPi5yzOAsTpd4shPajuIN9DvTWZWl2XOcpdkQft8toyPS-H-3dQQi_fWqkpJ6eQLToCBzmCVpYYDY-sp4EpatQ2miECoVNgEpqsiW0yo0Ur3h_QoDdO:1t8O3O:A_iIchgf-TIi87JF1vLsrOknRtNT3rhEI-N04OSM_a8','2024-11-05 18:43:22.750893'),('0dyyfa29dt59c3swmqwmzgvca969ew3x','.eJxVjMsOwiAQRf-FtSEdYKB16d5vIDxmpGogKe3K-O_apAvd3nPOfQkftrX4rdPi5yzOAsTpd4shPajuIN9DvTWZWl2XOcpdkQft8toyPS-H-3dQQi_fWqkpJ6eQLToCBzmCVpYYDY-sp4EpatQ2miECoVNgEpqsiW0yo0Ur3h_QoDdO:1sviP2:ZYDh5nGzr96uWrmyqJhLv3XbTUerheitzkZFtvJqm3I','2024-10-01 19:49:20.883046'),('19ew63wj9n5erdx3891jt7ajdgd0evxe','.eJxVjMsOwiAQRf-FtSEdYKB16d5vIDxmpGogKe3K-O_apAvd3nPOfQkftrX4rdPi5yzOAsTpd4shPajuIN9DvTWZWl2XOcpdkQft8toyPS-H-3dQQi_fWqkpJ6eQLToCBzmCVpYYDY-sp4EpatQ2miECoVNgEpqsiW0yo0Ur3h_QoDdO:1swLp1:ODXEmalLkzkq5mhfFT16AmeQwny6NXiuwvpFD7bub1U','2024-10-03 13:54:47.828270'),('1enj5s1lt06e8r883xoyay90s19y9baj','.eJxVjMsOwiAQRf-FtSEdYKB16d5vIDxmpGogKe3K-O_apAvd3nPOfQkftrX4rdPi5yzOAsTpd4shPajuIN9DvTWZWl2XOcpdkQft8toyPS-H-3dQQi_fWqkpJ6eQLToCBzmCVpYYDY-sp4EpatQ2miECoVNgEpqsiW0yo0Ur3h_QoDdO:1tApqC:nw7sgwTunxKqy1dOaKBRvIioUyTHiPCaugIys_n82wo','2024-11-26 12:17:52.505563'),('1oge1lre3vf67ydi2vcmgwomo6grb1r8','.eJxVjMsOwiAQRf-FtSEdYKB16d5vIDxmpGogKe3K-O_apAvd3nPOfQkftrX4rdPi5yzOAsTpd4shPajuIN9DvTWZWl2XOcpdkQft8toyPS-H-3dQQi_fWqkpJ6eQLToCBzmCVpYYDY-sp4EpatQ2miECoVNgEpqsiW0yo0Ur3h_QoDdO:1stowX:SAEzCP6xbHH0WA_lSBtRv68Al7oC4jOtxysFCMKJwlo','2024-09-26 14:24:05.037899'),('23wrs4bm969zl628nqca5dny3ulcp38f','.eJxVjMsOwiAQRf-FtSEdYKB16d5vIDxmpGogKe3K-O_apAvd3nPOfQkftrX4rdPi5yzOAsTpd4shPajuIN9DvTWZWl2XOcpdkQft8toyPS-H-3dQQi_fWqkpJ6eQLToCBzmCVpYYDY-sp4EpatQ2miECoVNgEpqsiW0yo0Ur3h_QoDdO:1t8Msx:LQqwA7AoSh_yv8Hj77GjGY5-fmNhr9zK5hMb5MycL6s','2024-11-05 17:28:31.489101'),('2b34thciae4o8qvuobpylec7bvw8i8pt','.eJxVjMsOwiAQRf-FtSEdYKB16d5vIDxmpGogKe3K-O_apAvd3nPOfQkftrX4rdPi5yzOAsTpd4shPajuIN9DvTWZWl2XOcpdkQft8toyPS-H-3dQQi_fWqkpJ6eQLToCBzmCVpYYDY-sp4EpatQ2miECoVNgEpqsiW0yo0Ur3h_QoDdO:1stX7F:uZArr2K61MULQqdGl3i7e8RTxTgz-sRBkhXMqrHpjt4','2024-09-25 19:21:57.966328'),('2c9y0k5c5ji21vjdp1s1vq67zgofa3m5','.eJxVjMsOwiAQRf-FtSEdYKB16d5vIDxmpGogKe3K-O_apAvd3nPOfQkftrX4rdPi5yzOAsTpd4shPajuIN9DvTWZWl2XOcpdkQft8toyPS-H-3dQQi_fWqkpJ6eQLToCBzmCVpYYDY-sp4EpatQ2miECoVNgEpqsiW0yo0Ur3h_QoDdO:1t1OLr:Mk1cwRiGbnCr4MqDiMZVvYwXbT5Ta3vSaJy16u8aLnk','2024-10-17 11:37:31.665767'),('2kfwdh3of9idwms9hp2a1ihgaawbemtx','.eJxVjMsOwiAQRf-FtSEdYKB16d5vIDxmpGogKe3K-O_apAvd3nPOfQkftrX4rdPi5yzOAsTpd4shPajuIN9DvTWZWl2XOcpdkQft8toyPS-H-3dQQi_fWqkpJ6eQLToCBzmCVpYYDY-sp4EpatQ2miECoVNgEpqsiW0yo0Ur3h_QoDdO:1swPjq:APcI5vX8a8EMCnF0SJ7D3aCjFdi4jcNxqJCPJcRflc0','2024-10-03 18:05:42.501922'),('37va43mr0w0ikweyllx4wufzmk93yp1p','.eJxVjMsOwiAQRf-FtSEdYKB16d5vIDxmpGogKe3K-O_apAvd3nPOfQkftrX4rdPi5yzOAsTpd4shPajuIN9DvTWZWl2XOcpdkQft8toyPS-H-3dQQi_fWqkpJ6eQLToCBzmCVpYYDY-sp4EpatQ2miECoVNgEpqsiW0yo0Ur3h_QoDdO:1so19W:F1yFC4A9LIMn9ZufjswRC9d_shzDytMu9wL4CCPCnuM','2024-09-10 14:13:30.460462'),('44gtuhaxeijvgr7h1e3neneldilu4jhh','.eJxVjMsOwiAQRf-FtSEdYKB16d5vIDxmpGogKe3K-O_apAvd3nPOfQkftrX4rdPi5yzOAsTpd4shPajuIN9DvTWZWl2XOcpdkQft8toyPS-H-3dQQi_fWqkpJ6eQLToCBzmCVpYYDY-sp4EpatQ2miECoVNgEpqsiW0yo0Ur3h_QoDdO:1t1ASm:vvaz4i2nQsp3cGqtz3_dnXaeeWDWzAOKUffX-4um6ig','2024-10-16 20:47:44.085834'),('46ugeu6zbt6u51oh20mfumpw2biwr1x3','.eJxVjMsOwiAQRf-FtSEdYKB16d5vIDxmpGogKe3K-O_apAvd3nPOfQkftrX4rdPi5yzOAsTpd4shPajuIN9DvTWZWl2XOcpdkQft8toyPS-H-3dQQi_fWqkpJ6eQLToCBzmCVpYYDY-sp4EpatQ2miECoVNgEpqsiW0yo0Ur3h_QoDdO:1sqck3:P0Y-l-FWjLdIJQIUtPuQ2YEDKjPPSaoTF_jnvOkBUsA','2024-09-17 18:45:59.507001'),('4ocpi24w7py1ejp7htfap6bxyp34481i','.eJxVjMsOwiAQRf-FtSEdYKB16d5vIDxmpGogKe3K-O_apAvd3nPOfQkftrX4rdPi5yzOAsTpd4shPajuIN9DvTWZWl2XOcpdkQft8toyPS-H-3dQQi_fWqkpJ6eQLToCBzmCVpYYDY-sp4EpatQ2miECoVNgEpqsiW0yo0Ur3h_QoDdO:1sqHYM:QwhxykppCobu197ZWmKevcTgOk7-zGHSrHZJaLg6LFg','2024-09-16 20:08:30.467393'),('4td995k1apldcwcujlavd8fdaxrpxyiw','.eJxVjMsOwiAQRf-FtSEdYKB16d5vIDxmpGogKe3K-O_apAvd3nPOfQkftrX4rdPi5yzOAsTpd4shPajuIN9DvTWZWl2XOcpdkQft8toyPS-H-3dQQi_fWqkpJ6eQLToCBzmCVpYYDY-sp4EpatQ2miECoVNgEpqsiW0yo0Ur3h_QoDdO:1sr0UL:OP3ea3mfig7qCSWRbr_jZtsfwcDSMI4GNcXfk9rjo0o','2024-09-18 20:07:21.366035'),('4u1md0y1204ca81408mxfb7f0s98lqlr','.eJxVjMsOwiAQRf-FtSEdYKB16d5vIDxmpGogKe3K-O_apAvd3nPOfQkftrX4rdPi5yzOAsTpd4shPajuIN9DvTWZWl2XOcpdkQft8toyPS-H-3dQQi_fWqkpJ6eQLToCBzmCVpYYDY-sp4EpatQ2miECoVNgEpqsiW0yo0Ur3h_QoDdO:1sqfCy:gLr10oUCWrhoiWlMvBJaDX5cHr3Rn2UcCzLqNwToGyc','2024-09-17 21:24:00.468314'),('5h1qoahtg9z7jem4bvg4k0stg6ju5bc2','.eJxVjMsOwiAQRf-FtSEdYKB16d5vIDxmpGogKe3K-O_apAvd3nPOfQkftrX4rdPi5yzOAsTpd4shPajuIN9DvTWZWl2XOcpdkQft8toyPS-H-3dQQi_fWqkpJ6eQLToCBzmCVpYYDY-sp4EpatQ2miECoVNgEpqsiW0yo0Ur3h_QoDdO:1sw5k4:89X5Ge7v-cxBph9awJIQxTLQdHTK8fODsAzkVHRAqyg','2024-10-02 20:44:36.028561'),('60mmvu5t257j6jajf18jeklfbcx5vd4r','.eJxVjMsOwiAQRf-FtSEdYKB16d5vIDxmpGogKe3K-O_apAvd3nPOfQkftrX4rdPi5yzOAsTpd4shPajuIN9DvTWZWl2XOcpdkQft8toyPS-H-3dQQi_fWqkpJ6eQLToCBzmCVpYYDY-sp4EpatQ2miECoVNgEpqsiW0yo0Ur3h_QoDdO:1stsTj:DXozjlGe5LRn-AG1wke0N1OHh1iwiowcccjGVMICpOY','2024-09-26 18:10:35.996167'),('6b7gwln5pe45nu690z11kmxra7z7lu30','.eJxVjMsOwiAQRf-FtSEdYKB16d5vIDxmpGogKe3K-O_apAvd3nPOfQkftrX4rdPi5yzOAsTpd4shPajuIN9DvTWZWl2XOcpdkQft8toyPS-H-3dQQi_fWqkpJ6eQLToCBzmCVpYYDY-sp4EpatQ2miECoVNgEpqsiW0yo0Ur3h_QoDdO:1t8NUt:E8Z1dcMXbdwrVOPOznKyOlvPHNlbTVbThQ7HsCNaxUE','2024-11-05 18:07:43.373155'),('6jfynemy7y1hie1aqoqlo6h4y0kzqa1v','.eJxVjMsOwiAQRf-FtSEdYKB16d5vIDxmpGogKe3K-O_apAvd3nPOfQkftrX4rdPi5yzOAsTpd4shPajuIN9DvTWZWl2XOcpdkQft8toyPS-H-3dQQi_fWqkpJ6eQLToCBzmCVpYYDY-sp4EpatQ2miECoVNgEpqsiW0yo0Ur3h_QoDdO:1strRZ:dvuGaG3sSKusV5gR-KdqBWVBNdcwZ-ud_c4dkkl_lqc','2024-09-26 17:04:17.377620'),('6njl0t67jx1wqbk8udfhwnz5cjrcpdac','.eJxVjMsOwiAQRf-FtSEdYKB16d5vIDxmpGogKe3K-O_apAvd3nPOfQkftrX4rdPi5yzOAsTpd4shPajuIN9DvTWZWl2XOcpdkQft8toyPS-H-3dQQi_fWqkpJ6eQLToCBzmCVpYYDY-sp4EpatQ2miECoVNgEpqsiW0yo0Ur3h_QoDdO:1stXb6:h1OqWpjp6h6jmi84ZYv4MKO-1avkGiXzKPXib_RUzWQ','2024-09-25 19:52:48.256785'),('6pc9lh25g2r7xcoz4730eo9t4kph3fh4','.eJxVjMsOwiAQRf-FtSEdYKB16d5vIDxmpGogKe3K-O_apAvd3nPOfQkftrX4rdPi5yzOAsTpd4shPajuIN9DvTWZWl2XOcpdkQft8toyPS-H-3dQQi_fWqkpJ6eQLToCBzmCVpYYDY-sp4EpatQ2miECoVNgEpqsiW0yo0Ur3h_QoDdO:1t3wOg:SmdYjokhofAsGf9zIWfSt5cbshO8yI5ZJmu0WAXcELs','2024-10-24 12:22:58.132483'),('6xihl9srvarqflrjzrv837mxuscbn8pp','.eJxVjMsOwiAQRf-FtSEdYKB16d5vIDxmpGogKe3K-O_apAvd3nPOfQkftrX4rdPi5yzOAsTpd4shPajuIN9DvTWZWl2XOcpdkQft8toyPS-H-3dQQi_fWqkpJ6eQLToCBzmCVpYYDY-sp4EpatQ2miECoVNgEpqsiW0yo0Ur3h_QoDdO:1so1cy:PRz1kv6Ifyj4VV8rfgJXhkStPQ9vxsjBBV7KwTWpid8','2024-09-10 14:43:56.821239'),('7fxn4c5tmefyr2c3aghra64qhqolf8qi','.eJxVjMsOwiAQRf-FtSEdYKB16d5vIDxmpGogKe3K-O_apAvd3nPOfQkftrX4rdPi5yzOAsTpd4shPajuIN9DvTWZWl2XOcpdkQft8toyPS-H-3dQQi_fWqkpJ6eQLToCBzmCVpYYDY-sp4EpatQ2miECoVNgEpqsiW0yo0Ur3h_QoDdO:1sw2xY:4hDIYP2C-znFPbYOfjeyuEvHL_NmXu2X7lLVkymrLJ0','2024-10-02 17:46:20.705992'),('85b9i0m8aej5z9tbe0w9hlj3u7en5e2u','.eJxVjMsOwiAQRf-FtSEdYKB16d5vIDxmpGogKe3K-O_apAvd3nPOfQkftrX4rdPi5yzOAsTpd4shPajuIN9DvTWZWl2XOcpdkQft8toyPS-H-3dQQi_fWqkpJ6eQLToCBzmCVpYYDY-sp4EpatQ2miECoVNgEpqsiW0yo0Ur3h_QoDdO:1svLen:9L75EnkYKi5cioZkgIaXbQ1y690INFvQf-Wu2zhK1Gk','2024-09-30 19:32:05.384434'),('8mpgp61b60d0sqd56977l0ha0o5q201j','.eJxVjMsOwiAQRf-FtSEdYKB16d5vIDxmpGogKe3K-O_apAvd3nPOfQkftrX4rdPi5yzOAsTpd4shPajuIN9DvTWZWl2XOcpdkQft8toyPS-H-3dQQi_fWqkpJ6eQLToCBzmCVpYYDY-sp4EpatQ2miECoVNgEpqsiW0yo0Ur3h_QoDdO:1t3gfh:ebmeVdBPtVC-vixxE1C5GAB8ewTDmA1-SQP3qQw2gsw','2024-10-23 19:35:29.048936'),('8s76irnjc1d1cfntrpxzsyjgr291pm74','.eJxVjMsOwiAQRf-FtSEdYKB16d5vIDxmpGogKe3K-O_apAvd3nPOfQkftrX4rdPi5yzOAsTpd4shPajuIN9DvTWZWl2XOcpdkQft8toyPS-H-3dQQi_fWqkpJ6eQLToCBzmCVpYYDY-sp4EpatQ2miECoVNgEpqsiW0yo0Ur3h_QoDdO:1sxtBB:bu6bkUXb4QDcfLdXUi8fjtoiuN_By19rkDLeWcS2VLc','2024-10-07 19:44:01.723483'),('99cj2syu5dsf9jlamd4s8a1f8vkjzpok','.eJxVjMsOwiAQRf-FtSEdYKB16d5vIDxmpGogKe3K-O_apAvd3nPOfQkftrX4rdPi5yzOAsTpd4shPajuIN9DvTWZWl2XOcpdkQft8toyPS-H-3dQQi_fWqkpJ6eQLToCBzmCVpYYDY-sp4EpatQ2miECoVNgEpqsiW0yo0Ur3h_QoDdO:1sp6l0:0PGPb8PQQHdimBDAKdSTy5uSqU1eeHVFX7sO61ej2UM','2024-09-13 14:24:42.310518'),('9qgocy6jd77cvzahvtq212lj0bq50y1x','.eJxVjMsOwiAQRf-FtSEdYKB16d5vIDxmpGogKe3K-O_apAvd3nPOfQkftrX4rdPi5yzOAsTpd4shPajuIN9DvTWZWl2XOcpdkQft8toyPS-H-3dQQi_fWqkpJ6eQLToCBzmCVpYYDY-sp4EpatQ2miECoVNgEpqsiW0yo0Ur3h_QoDdO:1t1RbE:j70fR-j_Ne57y5OBCUblCZ0sLfEn9Dw8dazwbmjk6KI','2024-10-17 15:05:36.413285'),('9rdd3e1eutmb1f9trcc2okvpc1tvnzwh','.eJxVjMsOwiAQRf-FtSEdYKB16d5vIDxmpGogKe3K-O_apAvd3nPOfQkftrX4rdPi5yzOAsTpd4shPajuIN9DvTWZWl2XOcpdkQft8toyPS-H-3dQQi_fWqkpJ6eQLToCBzmCVpYYDY-sp4EpatQ2miECoVNgEpqsiW0yo0Ur3h_QoDdO:1sqFNP:pF4MAd6WEDJ-O9qeZ2V0cHIzp_Sqj3ZQ-6BFrb99nX0','2024-09-16 17:49:03.247441'),('9uiogw2aik7dnogtil839q4xxdfhnlgp','.eJxVjMsOwiAQRf-FtSEdYKB16d5vIDxmpGogKe3K-O_apAvd3nPOfQkftrX4rdPi5yzOAsTpd4shPajuIN9DvTWZWl2XOcpdkQft8toyPS-H-3dQQi_fWqkpJ6eQLToCBzmCVpYYDY-sp4EpatQ2miECoVNgEpqsiW0yo0Ur3h_QoDdO:1t82fm:LzX8nPw67AngEgv7atHsBHvEWbiScF6ycqg5bj0MFMM','2024-11-04 19:53:34.465846'),('a1mxgc1v6wobct8531s9852rh3e4o2hp','.eJxVjMsOwiAQRf-FtSEdYKB16d5vIDxmpGogKe3K-O_apAvd3nPOfQkftrX4rdPi5yzOAsTpd4shPajuIN9DvTWZWl2XOcpdkQft8toyPS-H-3dQQi_fWqkpJ6eQLToCBzmCVpYYDY-sp4EpatQ2miECoVNgEpqsiW0yo0Ur3h_QoDdO:1sqzzT:vrX92SyC42-Xs2pqU12RYcIhbwLwqZjNa5Eil5URRSA','2024-09-18 19:35:27.179323'),('adp7ka88szxcmp02ow0082t285vayjig','.eJxVjMsOwiAQRf-FtSEdYKB16d5vIDxmpGogKe3K-O_apAvd3nPOfQkftrX4rdPi5yzOAsTpd4shPajuIN9DvTWZWl2XOcpdkQft8toyPS-H-3dQQi_fWqkpJ6eQLToCBzmCVpYYDY-sp4EpatQ2miECoVNgEpqsiW0yo0Ur3h_QoDdO:1sqb7C:JwewD27kOa8e9yBlFusJYnopnzFzakZMgC1uM90aLhc','2024-09-17 17:01:46.063246'),('b23tbfqt7p66r901c5xa1zlp5vpktv83','.eJxVjMsOwiAQRf-FtSEdYKB16d5vIDxmpGogKe3K-O_apAvd3nPOfQkftrX4rdPi5yzOAsTpd4shPajuIN9DvTWZWl2XOcpdkQft8toyPS-H-3dQQi_fWqkpJ6eQLToCBzmCVpYYDY-sp4EpatQ2miECoVNgEpqsiW0yo0Ur3h_QoDdO:1t8Oyg:pcQhf3Uns1tiqhthL4_rFGS05JUjNSnwUPOI8G13B4E','2024-11-05 19:42:34.223162'),('bhcxciyaqbdrnhhyi033fanjjspzm44b','.eJxVjMsOwiAQRf-FtSEdYKB16d5vIDxmpGogKe3K-O_apAvd3nPOfQkftrX4rdPi5yzOAsTpd4shPajuIN9DvTWZWl2XOcpdkQft8toyPS-H-3dQQi_fWqkpJ6eQLToCBzmCVpYYDY-sp4EpatQ2miECoVNgEpqsiW0yo0Ur3h_QoDdO:1swMIV:4hTr9v0r7z1BV_xQq_-G4YDY6Azii6jTnhFy3GK6XFc','2024-10-03 14:25:15.596057'),('bpnf8hhgmatr9aootq8eakiqgpiyc4vb','.eJxVjMsOwiAQRf-FtSEdYKB16d5vIDxmpGogKe3K-O_apAvd3nPOfQkftrX4rdPi5yzOAsTpd4shPajuIN9DvTWZWl2XOcpdkQft8toyPS-H-3dQQi_fWqkpJ6eQLToCBzmCVpYYDY-sp4EpatQ2miECoVNgEpqsiW0yo0Ur3h_QoDdO:1swKBJ:3gsyDXV_tqDnfEajzSWBEqr44Xj3JYDLTNZq8xf9yaM','2024-10-03 12:09:41.437943'),('bx6psn4s7p4cfsaxb4d7x6lnkt3x5qqy','.eJxVjMsOwiAQRf-FtSEdYKB16d5vIDxmpGogKe3K-O_apAvd3nPOfQkftrX4rdPi5yzOAsTpd4shPajuIN9DvTWZWl2XOcpdkQft8toyPS-H-3dQQi_fWqkpJ6eQLToCBzmCVpYYDY-sp4EpatQ2miECoVNgEpqsiW0yo0Ur3h_QoDdO:1sp6Gi:RwqB0ceiOqkVfUmIVvrLSnRR2Qmf4WoPp1VKwIV3qxc','2024-09-13 13:53:24.613512'),('c6vycyng35z9j19sk0qpqd1fxb62zo3a','.eJxVjMsOwiAQRf-FtSEdYKB16d5vIDxmpGogKe3K-O_apAvd3nPOfQkftrX4rdPi5yzOAsTpd4shPajuIN9DvTWZWl2XOcpdkQft8toyPS-H-3dQQi_fWqkpJ6eQLToCBzmCVpYYDY-sp4EpatQ2miECoVNgEpqsiW0yo0Ur3h_QoDdO:1swMoQ:LEQRyzI2-I4tJxXNoZifBzmcM8hTAsmw0NhQ2G52enk','2024-10-03 14:58:14.004786'),('crqo8e1kit9qs3oxeq49c0ainkpq7dl3','.eJxVjMsOwiAQRf-FtSEdYKB16d5vIDxmpGogKe3K-O_apAvd3nPOfQkftrX4rdPi5yzOAsTpd4shPajuIN9DvTWZWl2XOcpdkQft8toyPS-H-3dQQi_fWqkpJ6eQLToCBzmCVpYYDY-sp4EpatQ2miECoVNgEpqsiW0yo0Ur3h_QoDdO:1t8jji:NLrl_YhLtKaHjh9ewmIc58HTkvmGucVgsB7QVRE-tHE','2024-11-06 17:52:30.719886'),('cxj3dkxl2lx08jkkqq7jwna2w44pb8l7','.eJxVjMsOwiAQRf-FtSEdYKB16d5vIDxmpGogKe3K-O_apAvd3nPOfQkftrX4rdPi5yzOAsTpd4shPajuIN9DvTWZWl2XOcpdkQft8toyPS-H-3dQQi_fWqkpJ6eQLToCBzmCVpYYDY-sp4EpatQ2miECoVNgEpqsiW0yo0Ur3h_QoDdO:1t41dJ:K8H16QOBcX5vyJjurXJRpkTqoOX_AL7rFHLq4VKXMD8','2024-10-24 17:58:25.766474'),('da0xkl5o58t8x5ak6vvvj446h22l9h4x','.eJxVjMsOwiAQRf-FtSEdYKB16d5vIDxmpGogKe3K-O_apAvd3nPOfQkftrX4rdPi5yzOAsTpd4shPajuIN9DvTWZWl2XOcpdkQft8toyPS-H-3dQQi_fWqkpJ6eQLToCBzmCVpYYDY-sp4EpatQ2miECoVNgEpqsiW0yo0Ur3h_QoDdO:1t19Qk:xXaiZf-3o2J6T7Z6lxzkU7ym24fiITrr4FeTHTe873o','2024-10-16 19:41:34.313922'),('dl0ipvieo5e9sc4kq3264fa382iticwq','.eJxVjMsOwiAQRf-FtSEdYKB16d5vIDxmpGogKe3K-O_apAvd3nPOfQkftrX4rdPi5yzOAsTpd4shPajuIN9DvTWZWl2XOcpdkQft8toyPS-H-3dQQi_fWqkpJ6eQLToCBzmCVpYYDY-sp4EpatQ2miECoVNgEpqsiW0yo0Ur3h_QoDdO:1svNQk:23mHNASk2C90WobMc-bzcRdMqI-htB6VNHgPdxb1D5A','2024-09-30 21:25:42.762956'),('dqvmzqc3jbty3llxe0sdvzfaa1oy3ug3','.eJxVjMsOwiAQRf-FtSEdYKB16d5vIDxmpGogKe3K-O_apAvd3nPOfQkftrX4rdPi5yzOAsTpd4shPajuIN9DvTWZWl2XOcpdkQft8toyPS-H-3dQQi_fWqkpJ6eQLToCBzmCVpYYDY-sp4EpatQ2miECoVNgEpqsiW0yo0Ur3h_QoDdO:1t8PdA:gK9ddRIfWMcPC5fse85LVSYVp2qrBosyk4nSERBffBk','2024-11-05 20:24:24.693369'),('flsvg7yqcz5mycq2ltouqsb3kgd5bxl7','.eJxVjMsOwiAQRf-FtSEdYKB16d5vIDxmpGogKe3K-O_apAvd3nPOfQkftrX4rdPi5yzOAsTpd4shPajuIN9DvTWZWl2XOcpdkQft8toyPS-H-3dQQi_fWqkpJ6eQLToCBzmCVpYYDY-sp4EpatQ2miECoVNgEpqsiW0yo0Ur3h_QoDdO:1swNPF:MtSfgzbn55KZYM_0p72yimtp_L5MTPzW8ggo4kHVSOE','2024-10-03 15:36:17.169458'),('g06qomkexbqxdsfhe3xxlzwk78r3wbkm','.eJxVjMsOwiAQRf-FtSEdYKB16d5vIDxmpGogKe3K-O_apAvd3nPOfQkftrX4rdPi5yzOAsTpd4shPajuIN9DvTWZWl2XOcpdkQft8toyPS-H-3dQQi_fWqkpJ6eQLToCBzmCVpYYDY-sp4EpatQ2miECoVNgEpqsiW0yo0Ur3h_QoDdO:1svizi:jbSRUBa57OqDZpwiVv1A3t_VUEOUfIpyyLWRRk3de5E','2024-10-01 20:27:14.931306'),('g97n5wi3bh8ihgpbt4fvihos69x5c0qo','.eJxVjMsOwiAQRf-FtSEdYKB16d5vIDxmpGogKe3K-O_apAvd3nPOfQkftrX4rdPi5yzOAsTpd4shPajuIN9DvTWZWl2XOcpdkQft8toyPS-H-3dQQi_fWqkpJ6eQLToCBzmCVpYYDY-sp4EpatQ2miECoVNgEpqsiW0yo0Ur3h_QoDdO:1swPCP:p9qrhWE_dPdMZN-nTmfhq2ZrMuODDNlcYI-rpAGeII4','2024-10-03 17:31:09.704332'),('gdqjcv4b4cghbztznsgwqw11p0skhxdz','.eJxVjMsOwiAQRf-FtSEdYKB16d5vIDxmpGogKe3K-O_apAvd3nPOfQkftrX4rdPi5yzOAsTpd4shPajuIN9DvTWZWl2XOcpdkQft8toyPS-H-3dQQi_fWqkpJ6eQLToCBzmCVpYYDY-sp4EpatQ2miECoVNgEpqsiW0yo0Ur3h_QoDdO:1t3h9z:VwdlR3KFKJnSJzaVDGqmM21edTN_qB7TR-OwcXoNjv8','2024-10-23 20:06:47.314826'),('gvb09ofj21vabnqyj14h3izogn9uhmo6','.eJxVjMsOwiAQRf-FtSEdYKB16d5vIDxmpGogKe3K-O_apAvd3nPOfQkftrX4rdPi5yzOAsTpd4shPajuIN9DvTWZWl2XOcpdkQft8toyPS-H-3dQQi_fWqkpJ6eQLToCBzmCVpYYDY-sp4EpatQ2miECoVNgEpqsiW0yo0Ur3h_QoDdO:1snfJN:SJRSZFT-F6lxqav4JS8xwNCb65ukuPOnqmaPy7zF-w4','2024-09-09 14:54:13.705690'),('h54rxw5zuvfdvrwlthf5iyrfsg2yze5f','.eJxVjMsOwiAQRf-FtSEdYKB16d5vIDxmpGogKe3K-O_apAvd3nPOfQkftrX4rdPi5yzOAsTpd4shPajuIN9DvTWZWl2XOcpdkQft8toyPS-H-3dQQi_fWqkpJ6eQLToCBzmCVpYYDY-sp4EpatQ2miECoVNgEpqsiW0yo0Ur3h_QoDdO:1sqFtP:gKwj1iTy5-NGmtzdqoaUbXGVb4P95UoO3iO2RxxTi5w','2024-09-16 18:22:07.533749'),('ibj6qmug4bpv04fpoi15ir9vhhu0yvsn','.eJxVjMsOwiAQRf-FtSEdYKB16d5vIDxmpGogKe3K-O_apAvd3nPOfQkftrX4rdPi5yzOAsTpd4shPajuIN9DvTWZWl2XOcpdkQft8toyPS-H-3dQQi_fWqkpJ6eQLToCBzmCVpYYDY-sp4EpatQ2miECoVNgEpqsiW0yo0Ur3h_QoDdO:1t19zI:iD531EDu4w2o1yMB42qvWleo9oYHpAYqcfEf7Dz9tsA','2024-10-16 20:17:16.144320'),('iv9q0tb0ptwmxnlx2vbwua01pckux7xa','.eJxVjMsOwiAQRf-FtSEdYKB16d5vIDxmpGogKe3K-O_apAvd3nPOfQkftrX4rdPi5yzOAsTpd4shPajuIN9DvTWZWl2XOcpdkQft8toyPS-H-3dQQi_fWqkpJ6eQLToCBzmCVpYYDY-sp4EpatQ2miECoVNgEpqsiW0yo0Ur3h_QoDdO:1t1PGB:CR4T6kULfSfDcTDp1Hty8gQS9rVcxJqujfE5qqJz6vE','2024-10-17 12:35:43.845653'),('jdduiab2naml21m4gqrrmgnwr009p96a','.eJxVjMsOwiAQRf-FtSEdYKB16d5vIDxmpGogKe3K-O_apAvd3nPOfQkftrX4rdPi5yzOAsTpd4shPajuIN9DvTWZWl2XOcpdkQft8toyPS-H-3dQQi_fWqkpJ6eQLToCBzmCVpYYDY-sp4EpatQ2miECoVNgEpqsiW0yo0Ur3h_QoDdO:1soMBW:RiGzDQFnXWE-tX81NGHxA5Df-61BE9AK7U5cUlp-KYE','2024-09-11 12:40:58.416366'),('jqe38vdnd3ygz50t4x35bwlmvuh1ut4a','.eJxVjMsOwiAQRf-FtSEdYKB16d5vIDxmpGogKe3K-O_apAvd3nPOfQkftrX4rdPi5yzOAsTpd4shPajuIN9DvTWZWl2XOcpdkQft8toyPS-H-3dQQi_fWqkpJ6eQLToCBzmCVpYYDY-sp4EpatQ2miECoVNgEpqsiW0yo0Ur3h_QoDdO:1svhnY:eKe4LICgomg8RaOlAA-gppvPa-CzVcAYIQMzjQ2FDTg','2024-10-01 19:10:36.005006'),('k1vt7jt9e8y6cog8q7auh1pqgi7e3476','.eJxVjMsOwiAQRf-FtSEdYKB16d5vIDxmpGogKe3K-O_apAvd3nPOfQkftrX4rdPi5yzOAsTpd4shPajuIN9DvTWZWl2XOcpdkQft8toyPS-H-3dQQi_fWqkpJ6eQLToCBzmCVpYYDY-sp4EpatQ2miECoVNgEpqsiW0yo0Ur3h_QoDdO:1svMHb:eTpfiIn_U0aP2xi7HfR5LD0bumCPtRW4Z199M3zZWvc','2024-09-30 20:12:11.979025'),('k77pakp3o4aa9jpp8stm1e1wav9qivxc','.eJxVjMsOwiAQRf-FtSEdYKB16d5vIDxmpGogKe3K-O_apAvd3nPOfQkftrX4rdPi5yzOAsTpd4shPajuIN9DvTWZWl2XOcpdkQft8toyPS-H-3dQQi_fWqkpJ6eQLToCBzmCVpYYDY-sp4EpatQ2miECoVNgEpqsiW0yo0Ur3h_QoDdO:1t3JRS:zR0JYYt4L-ge8xCF42LVMmzF_NMHUG8bKtYtaj04Kx0','2024-10-22 18:47:14.798343'),('kj53wsgdsnre4kf2921zoa7mlru5dyhy','.eJxVjMsOwiAQRf-FtSEdYKB16d5vIDxmpGogKe3K-O_apAvd3nPOfQkftrX4rdPi5yzOAsTpd4shPajuIN9DvTWZWl2XOcpdkQft8toyPS-H-3dQQi_fWqkpJ6eQLToCBzmCVpYYDY-sp4EpatQ2miECoVNgEpqsiW0yo0Ur3h_QoDdO:1t1Qbg:9IifkFRPRCUI4LV1Q2dpvzmtlFYEAP9o7AVPcDfSu5A','2024-10-17 14:02:00.701152'),('ks1ji0mli3n3q72lroivbe1lwhwkqttq','.eJxVjMsOwiAQRf-FtSEdYKB16d5vIDxmpGogKe3K-O_apAvd3nPOfQkftrX4rdPi5yzOAsTpd4shPajuIN9DvTWZWl2XOcpdkQft8toyPS-H-3dQQi_fWqkpJ6eQLToCBzmCVpYYDY-sp4EpatQ2miECoVNgEpqsiW0yo0Ur3h_QoDdO:1t1PkO:-dfENCv_U22_TYQzQ4Zq5992E3yT5BV-dyH-39q8_ok','2024-10-17 13:06:56.517063'),('kwgzrqrdbtk7uusw4wu87bgqu3zhkg98','.eJxVjMsOwiAQRf-FtSEdYKB16d5vIDxmpGogKe3K-O_apAvd3nPOfQkftrX4rdPi5yzOAsTpd4shPajuIN9DvTWZWl2XOcpdkQft8toyPS-H-3dQQi_fWqkpJ6eQLToCBzmCVpYYDY-sp4EpatQ2miECoVNgEpqsiW0yo0Ur3h_QoDdO:1sneQv:0pbg-HGhwnWVtElOdOExc3-KNJczDm2XGbAywCRs9Gw','2024-09-09 13:57:57.619207'),('lj5q5c5tbnaxgtrwjqau6jkrl4h6ykwd','.eJxVjMsOwiAQRf-FtSEdYKB16d5vIDxmpGogKe3K-O_apAvd3nPOfQkftrX4rdPi5yzOAsTpd4shPajuIN9DvTWZWl2XOcpdkQft8toyPS-H-3dQQi_fWqkpJ6eQLToCBzmCVpYYDY-sp4EpatQ2miECoVNgEpqsiW0yo0Ur3h_QoDdO:1sndxZ:3yBD3IY41uGfGWoxofFZqjgdhCdtb6ZoVkTKdvm7jKc','2024-09-09 13:27:37.685786'),('lttw1w428y7kcyseurna3t49quj9zhzb','.eJxVjMsOwiAQRf-FtSEdYKB16d5vIDxmpGogKe3K-O_apAvd3nPOfQkftrX4rdPi5yzOAsTpd4shPajuIN9DvTWZWl2XOcpdkQft8toyPS-H-3dQQi_fWqkpJ6eQLToCBzmCVpYYDY-sp4EpatQ2miECoVNgEpqsiW0yo0Ur3h_QoDdO:1stWaS:q1U6OcnCkklPI58Ln6e0PthnpBDZRxnxO9bvs_1IyGo','2024-09-25 18:48:04.212376'),('lwxl1xr59ea0u2jd6kjn2ftkr5tqyp6z','.eJxVjMsOwiAQRf-FtSEdYKB16d5vIDxmpGogKe3K-O_apAvd3nPOfQkftrX4rdPi5yzOAsTpd4shPajuIN9DvTWZWl2XOcpdkQft8toyPS-H-3dQQi_fWqkpJ6eQLToCBzmCVpYYDY-sp4EpatQ2miECoVNgEpqsiW0yo0Ur3h_QoDdO:1tBHHY:wGctuAwUiqkYHRcik-rWFp22QJqwqeMVlU3yiQ-78R4','2024-11-27 17:35:56.086202'),('mdihncwuksb66qzmz3gnrf8av7wu9t9w','.eJxVjMsOwiAQRf-FtSEdYKB16d5vIDxmpGogKe3K-O_apAvd3nPOfQkftrX4rdPi5yzOAsTpd4shPajuIN9DvTWZWl2XOcpdkQft8toyPS-H-3dQQi_fWqkpJ6eQLToCBzmCVpYYDY-sp4EpatQ2miECoVNgEpqsiW0yo0Ur3h_QoDdO:1sw5GP:tYXN-QMSjoLjUk1-UbAlSTwoszzBcaCoZY1TRfHiT58','2024-10-02 20:13:57.169597'),('mk3j6d3lyv5j56ni9ykfq4ekwu5yuupa','.eJxVjMsOwiAQRf-FtSEdYKB16d5vIDxmpGogKe3K-O_apAvd3nPOfQkftrX4rdPi5yzOAsTpd4shPajuIN9DvTWZWl2XOcpdkQft8toyPS-H-3dQQi_fWqkpJ6eQLToCBzmCVpYYDY-sp4EpatQ2miECoVNgEpqsiW0yo0Ur3h_QoDdO:1t2wSl:U8ap0OElL2WCFxpZHT0Tfw-lCYm9w2B47JbpUbES8HA','2024-10-21 18:15:03.027466'),('n67rfprk6ononw5zqevt2578b4p4gtzq','.eJxVjMsOwiAQRf-FtSEdYKB16d5vIDxmpGogKe3K-O_apAvd3nPOfQkftrX4rdPi5yzOAsTpd4shPajuIN9DvTWZWl2XOcpdkQft8toyPS-H-3dQQi_fWqkpJ6eQLToCBzmCVpYYDY-sp4EpatQ2miECoVNgEpqsiW0yo0Ur3h_QoDdO:1stnfh:qsWO-S_kjx5wk0nR7JS9fDhiPfFbiVhAaUK1tzF3JOU','2024-09-26 13:02:37.741163'),('nazmhj99my68egtr5glcoimbc03q6job','.eJxVjMsOwiAQRf-FtSEdYKB16d5vIDxmpGogKe3K-O_apAvd3nPOfQkftrX4rdPi5yzOAsTpd4shPajuIN9DvTWZWl2XOcpdkQft8toyPS-H-3dQQi_fWqkpJ6eQLToCBzmCVpYYDY-sp4EpatQ2miECoVNgEpqsiW0yo0Ur3h_QoDdO:1t18eL:ewY0RxOu3zawdoQeM8utBMm3BcC5XopFa48SM19ziwE','2024-10-16 18:51:33.091973'),('nrpau0lspzme280hb7xuuvu2v638gqn6','.eJxVjMsOwiAQRf-FtSEdYKB16d5vIDxmpGogKe3K-O_apAvd3nPOfQkftrX4rdPi5yzOAsTpd4shPajuIN9DvTWZWl2XOcpdkQft8toyPS-H-3dQQi_fWqkpJ6eQLToCBzmCVpYYDY-sp4EpatQ2miECoVNgEpqsiW0yo0Ur3h_QoDdO:1srGpB:tyY_aq5op8VCNCzkUj66SpcQcOZdvqOW-6kqS4WA9Js','2024-09-19 13:33:57.659975'),('ntukj2ypmwlrc3w7aw5phiq33wdnwm8e','.eJxVjMsOwiAQRf-FtSEdYKB16d5vIDxmpGogKe3K-O_apAvd3nPOfQkftrX4rdPi5yzOAsTpd4shPajuIN9DvTWZWl2XOcpdkQft8toyPS-H-3dQQi_fWqkpJ6eQLToCBzmCVpYYDY-sp4EpatQ2miECoVNgEpqsiW0yo0Ur3h_QoDdO:1sqjfH:VOsCKJhBoGxknive_qCujNmm5tyRqfqRd0GtCwWtvpc','2024-09-18 02:09:31.721567'),('ocuk0it67q9k5jtxoijki8gvjia6zsqr','.eJxVjMsOwiAQRf-FtSEdYKB16d5vIDxmpGogKe3K-O_apAvd3nPOfQkftrX4rdPi5yzOAsTpd4shPajuIN9DvTWZWl2XOcpdkQft8toyPS-H-3dQQi_fWqkpJ6eQLToCBzmCVpYYDY-sp4EpatQ2miECoVNgEpqsiW0yo0Ur3h_QoDdO:1stY9R:v_eL6mSna6yahuULOANbLlKsk6u2oJLPacqn8KMk_wU','2024-09-25 20:28:17.338685'),('oi4jmg4rel6ztxi35feis39qx0luhfag','.eJxVjMsOwiAQRf-FtSEdYKB16d5vIDxmpGogKe3K-O_apAvd3nPOfQkftrX4rdPi5yzOAsTpd4shPajuIN9DvTWZWl2XOcpdkQft8toyPS-H-3dQQi_fWqkpJ6eQLToCBzmCVpYYDY-sp4EpatQ2miECoVNgEpqsiW0yo0Ur3h_QoDdO:1sqcDd:jZUD8caKK5BwP5W1-YZWP00QKuN1y6K_18DAA5V-YsU','2024-09-17 18:12:29.995862'),('orouomkmomck9bamsxurfh32urpxjn16','.eJxVjMsOwiAQRf-FtSEdYKB16d5vIDxmpGogKe3K-O_apAvd3nPOfQkftrX4rdPi5yzOAsTpd4shPajuIN9DvTWZWl2XOcpdkQft8toyPS-H-3dQQi_fWqkpJ6eQLToCBzmCVpYYDY-sp4EpatQ2miECoVNgEpqsiW0yo0Ur3h_QoDdO:1sp7jM:Qi6zOLUuAiAiLNnojg9KW2lfFGDss24DIt9wCv77NNI','2024-09-13 15:27:04.915625'),('oup5p36381zflt7bq644cnvxrjcwt8cf','.eJxVjMsOwiAQRf-FtSEdYKB16d5vIDxmpGogKe3K-O_apAvd3nPOfQkftrX4rdPi5yzOAsTpd4shPajuIN9DvTWZWl2XOcpdkQft8toyPS-H-3dQQi_fWqkpJ6eQLToCBzmCVpYYDY-sp4EpatQ2miECoVNgEpqsiW0yo0Ur3h_QoDdO:1sqbgj:AcQs1LXetuPOBzsk8bZd-CRtqjvwnG68NpdojGZf5J4','2024-09-17 17:38:29.311857'),('oxqxa3jaleceutnt7en16d3cplo9jbd9','.eJxVjMsOwiAQRf-FtSEdYKB16d5vIDxmpGogKe3K-O_apAvd3nPOfQkftrX4rdPi5yzOAsTpd4shPajuIN9DvTWZWl2XOcpdkQft8toyPS-H-3dQQi_fWqkpJ6eQLToCBzmCVpYYDY-sp4EpatQ2miECoVNgEpqsiW0yo0Ur3h_QoDdO:1snytr:MtOJxSnwAP7uZgyVnhl0gwpsdd2ENLH3bJfrrIotJ68','2024-09-10 11:49:11.381099'),('plzxjjesh8qci51ndioslcivoktfmhn1','.eJxVjMsOwiAQRf-FtSEdYKB16d5vIDxmpGogKe3K-O_apAvd3nPOfQkftrX4rdPi5yzOAsTpd4shPajuIN9DvTWZWl2XOcpdkQft8toyPS-H-3dQQi_fWqkpJ6eQLToCBzmCVpYYDY-sp4EpatQ2miECoVNgEpqsiW0yo0Ur3h_QoDdO:1sw2WT:h6PtAPtJYL05jDi_AhWtrej8rKIhQteErtUA_OMbY0U','2024-10-02 17:18:21.012806'),('pqm71zy8alwnpowaoai0stkd2phjpzob','.eJxVjMsOwiAQRf-FtSEdYKB16d5vIDxmpGogKe3K-O_apAvd3nPOfQkftrX4rdPi5yzOAsTpd4shPajuIN9DvTWZWl2XOcpdkQft8toyPS-H-3dQQi_fWqkpJ6eQLToCBzmCVpYYDY-sp4EpatQ2miECoVNgEpqsiW0yo0Ur3h_QoDdO:1t3L0T:TfUSL02CLerCeWHCK91SJ7GU_Z1UtiZypyJ3JfwfMCc','2024-10-22 20:27:29.835467'),('pyg3ow1h401p36517a4kmrw1wb48blxx','.eJxVjMsOwiAQRf-FtSEdYKB16d5vIDxmpGogKe3K-O_apAvd3nPOfQkftrX4rdPi5yzOAsTpd4shPajuIN9DvTWZWl2XOcpdkQft8toyPS-H-3dQQi_fWqkpJ6eQLToCBzmCVpYYDY-sp4EpatQ2miECoVNgEpqsiW0yo0Ur3h_QoDdO:1syDa0:fA363cF_qIVGYnZzvCpbt-qDgL4ba0Oe5kg0HyQmu-0','2024-10-08 17:31:00.830349'),('q1mtus2mrmlhaemkf9rjlyhv1kmvn0ki','.eJxVjMsOwiAQRf-FtSEdYKB16d5vIDxmpGogKe3K-O_apAvd3nPOfQkftrX4rdPi5yzOAsTpd4shPajuIN9DvTWZWl2XOcpdkQft8toyPS-H-3dQQi_fWqkpJ6eQLToCBzmCVpYYDY-sp4EpatQ2miECoVNgEpqsiW0yo0Ur3h_QoDdO:1swKih:TPcl2RWKvx9Yay925WLcmT7C6JK37QR_RvfgEzdcpPI','2024-10-03 12:44:11.740980'),('q7cd5o0nkjpulxyzkv77i13fuuz0a4l3','.eJxVjMsOwiAQRf-FtSEdYKB16d5vIDxmpGogKe3K-O_apAvd3nPOfQkftrX4rdPi5yzOAsTpd4shPajuIN9DvTWZWl2XOcpdkQft8toyPS-H-3dQQi_fWqkpJ6eQLToCBzmCVpYYDY-sp4EpatQ2miECoVNgEpqsiW0yo0Ur3h_QoDdO:1sqdIj:nmjTDEDNZsJS1x3W3wooLU0NL4rbeFXkJGSLRwEC8mU','2024-09-17 19:21:49.778713'),('q9icra6yl920yfvn411ie59qzpfozi7l','.eJxVjMsOwiAQRf-FtSEdYKB16d5vIDxmpGogKe3K-O_apAvd3nPOfQkftrX4rdPi5yzOAsTpd4shPajuIN9DvTWZWl2XOcpdkQft8toyPS-H-3dQQi_fWqkpJ6eQLToCBzmCVpYYDY-sp4EpatQ2miECoVNgEpqsiW0yo0Ur3h_QoDdO:1sqGOY:B1j6YI64CZpu8B9tpYIZffSjjjDSDKESU9EJjiHBbo4','2024-09-16 18:54:18.388416'),('qsessugf7w0tlmu2yd9zcrm5i2vvqxal','.eJxVjMsOwiAQRf-FtSEdYKB16d5vIDxmpGogKe3K-O_apAvd3nPOfQkftrX4rdPi5yzOAsTpd4shPajuIN9DvTWZWl2XOcpdkQft8toyPS-H-3dQQi_fWqkpJ6eQLToCBzmCVpYYDY-sp4EpatQ2miECoVNgEpqsiW0yo0Ur3h_QoDdO:1sqg7Z:Wqjl2DpuWhODRpQ7CcIOFPfv3BlgW9Rp5HLgt44ELLc','2024-09-17 22:22:29.231722'),('qvmltq2lwfcwx73fdryi3rzvmwng5ddh','.eJxVjMsOwiAQRf-FtSEdYKB16d5vIDxmpGogKe3K-O_apAvd3nPOfQkftrX4rdPi5yzOAsTpd4shPajuIN9DvTWZWl2XOcpdkQft8toyPS-H-3dQQi_fWqkpJ6eQLToCBzmCVpYYDY-sp4EpatQ2miECoVNgEpqsiW0yo0Ur3h_QoDdO:1t5V6B:QhezvXJAausi_3rbcOAIAqmozDtXDd13mBpLmEuMg6E','2024-10-28 19:38:19.252976'),('qy4dhlmw36a9ziwsofzhnln1e6whjgyh','.eJxVjMsOwiAQRf-FtSEdYKB16d5vIDxmpGogKe3K-O_apAvd3nPOfQkftrX4rdPi5yzOAsTpd4shPajuIN9DvTWZWl2XOcpdkQft8toyPS-H-3dQQi_fWqkpJ6eQLToCBzmCVpYYDY-sp4EpatQ2miECoVNgEpqsiW0yo0Ur3h_QoDdO:1sto9M:r0wgJAzr6j_ApE2C5hYBTi9MpToEFPsvbaF6QhYkmO4','2024-09-26 13:33:16.421900'),('rnrze5sa7elxobw6zxkrsic68mguiftq','.eJxVjMsOwiAQRf-FtSEdYKB16d5vIDxmpGogKe3K-O_apAvd3nPOfQkftrX4rdPi5yzOAsTpd4shPajuIN9DvTWZWl2XOcpdkQft8toyPS-H-3dQQi_fWqkpJ6eQLToCBzmCVpYYDY-sp4EpatQ2miECoVNgEpqsiW0yo0Ur3h_QoDdO:1syECT:vXUqjwKvKmwUjg0EWHtjAwIHswZyax6ZdCBbz7sxykU','2024-10-08 18:10:45.073190'),('rq525xeenpvrp0vpiaapt82zg0d9msr7','.eJxVjMsOwiAQRf-FtSEdYKB16d5vIDxmpGogKe3K-O_apAvd3nPOfQkftrX4rdPi5yzOAsTpd4shPajuIN9DvTWZWl2XOcpdkQft8toyPS-H-3dQQi_fWqkpJ6eQLToCBzmCVpYYDY-sp4EpatQ2miECoVNgEpqsiW0yo0Ur3h_QoDdO:1t1R4v:eVEoDLZ41rEoOA2-lGKGrJLvPz057eWGJCKgcOcYRuM','2024-10-17 14:32:13.030925'),('slxvk7qcccnl0y3fhx3r8nhgvpbew9y2','.eJxVjMsOwiAQRf-FtSEdYKB16d5vIDxmpGogKe3K-O_apAvd3nPOfQkftrX4rdPi5yzOAsTpd4shPajuIN9DvTWZWl2XOcpdkQft8toyPS-H-3dQQi_fWqkpJ6eQLToCBzmCVpYYDY-sp4EpatQ2miECoVNgEpqsiW0yo0Ur3h_QoDdO:1stpPv:Ta1hZ5J8QNx84tM06HBQXPV5loRtE26oFYqqapbF2hQ','2024-09-26 14:54:27.269732'),('snb4oxiw0qpst7mqzpnn1m7266tqhhfs','.eJxVjMsOwiAQRf-FtSEdYKB16d5vIDxmpGogKe3K-O_apAvd3nPOfQkftrX4rdPi5yzOAsTpd4shPajuIN9DvTWZWl2XOcpdkQft8toyPS-H-3dQQi_fWqkpJ6eQLToCBzmCVpYYDY-sp4EpatQ2miECoVNgEpqsiW0yo0Ur3h_QoDdO:1t83ca:zAFrbYpBJRn4hvtHZQrUYCk53SS3yk42KFfCqRbt5sk','2024-11-04 20:54:20.998212'),('swm18q1mhlcm24754s0au2o07ihljqql','.eJxVjMsOwiAQRf-FtSEdYKB16d5vIDxmpGogKe3K-O_apAvd3nPOfQkftrX4rdPi5yzOAsTpd4shPajuIN9DvTWZWl2XOcpdkQft8toyPS-H-3dQQi_fWqkpJ6eQLToCBzmCVpYYDY-sp4EpatQ2miECoVNgEpqsiW0yo0Ur3h_QoDdO:1sqdn8:-i0CvyaIzyE8SM6to99XhsrgQdBcdB_p8jiIYCY6HSo','2024-09-17 19:53:14.713998'),('te35p3kyrpt7t3uydqfeifi7s1emznl0','.eJxVjMsOwiAQRf-FtSEdYKB16d5vIDxmpGogKe3K-O_apAvd3nPOfQkftrX4rdPi5yzOAsTpd4shPajuIN9DvTWZWl2XOcpdkQft8toyPS-H-3dQQi_fWqkpJ6eQLToCBzmCVpYYDY-sp4EpatQ2miECoVNgEpqsiW0yo0Ur3h_QoDdO:1swLFS:KsIn7hw26WcwrC7GoY34-rmlcaa7AOgLvcT-Ywpixe4','2024-10-03 13:18:02.523458'),('tt6cpfux4kgeqns1msngkm7usc7yksu4','.eJxVjMsOwiAQRf-FtSEdYKB16d5vIDxmpGogKe3K-O_apAvd3nPOfQkftrX4rdPi5yzOAsTpd4shPajuIN9DvTWZWl2XOcpdkQft8toyPS-H-3dQQi_fWqkpJ6eQLToCBzmCVpYYDY-sp4EpatQ2miECoVNgEpqsiW0yo0Ur3h_QoDdO:1sqeaa:OaHHm6rlQu9nGhTl8L2KrLRgjXzI_xjAfTDNuqUiv_U','2024-09-17 20:44:20.341574'),('ucsooa4k777ozhqjxdhf4taolklcoad3','.eJxVjMsOwiAQRf-FtSEdYKB16d5vIDxmpGogKe3K-O_apAvd3nPOfQkftrX4rdPi5yzOAsTpd4shPajuIN9DvTWZWl2XOcpdkQft8toyPS-H-3dQQi_fWqkpJ6eQLToCBzmCVpYYDY-sp4EpatQ2miECoVNgEpqsiW0yo0Ur3h_QoDdO:1soNpl:Fs3Ic7lBylTk4mv6s8krsNVo5YqMamP1Qbc4dWauhtA','2024-09-11 14:26:37.668280'),('ve4th54tvswh7zw1ckh5wgtjmgokr1aj','.eJxVjMsOwiAQRf-FtSEdYKB16d5vIDxmpGogKe3K-O_apAvd3nPOfQkftrX4rdPi5yzOAsTpd4shPajuIN9DvTWZWl2XOcpdkQft8toyPS-H-3dQQi_fWqkpJ6eQLToCBzmCVpYYDY-sp4EpatQ2miECoVNgEpqsiW0yo0Ur3h_QoDdO:1stYe4:Ru7GZVNLmJFuCNOLYBgD5YiRVZBgjCI-EAAuKQ-_y-0','2024-09-25 20:59:56.390252'),('vh7k0yh1t9iqt17peo0damzbimab5d2l','.eJxVjMsOwiAQRf-FtSEdYKB16d5vIDxmpGogKe3K-O_apAvd3nPOfQkftrX4rdPi5yzOAsTpd4shPajuIN9DvTWZWl2XOcpdkQft8toyPS-H-3dQQi_fWqkpJ6eQLToCBzmCVpYYDY-sp4EpatQ2miECoVNgEpqsiW0yo0Ur3h_QoDdO:1t3ylp:0RL6rs5DaBLdkdB4SpYgU-boJvlKBJbb36iIPQTPml0','2024-10-24 14:55:01.929163'),('vj7negi3gb0nsj61tn3z5mje2mvsao9f','.eJxVjMsOwiAQRf-FtSEdYKB16d5vIDxmpGogKe3K-O_apAvd3nPOfQkftrX4rdPi5yzOAsTpd4shPajuIN9DvTWZWl2XOcpdkQft8toyPS-H-3dQQi_fWqkpJ6eQLToCBzmCVpYYDY-sp4EpatQ2miECoVNgEpqsiW0yo0Ur3h_QoDdO:1snzxk:RJyieWf51S-2woetck2V9mEc9zNQnXtRkzZ6cYSKzRo','2024-09-10 12:57:16.456713'),('vjnnk1yl18cqqop0a5x9yqduwbc2n69l','.eJxVjMsOwiAQRf-FtSEdYKB16d5vIDxmpGogKe3K-O_apAvd3nPOfQkftrX4rdPi5yzOAsTpd4shPajuIN9DvTWZWl2XOcpdkQft8toyPS-H-3dQQi_fWqkpJ6eQLToCBzmCVpYYDY-sp4EpatQ2miECoVNgEpqsiW0yo0Ur3h_QoDdO:1t8l0f:15ab5bDgpDgkYi2g6LgivZQzX986ug787iSBfjAGTT0','2024-11-06 19:14:05.219239'),('voutm2b32po8egtuzp7rnmakg19lqpon','.eJxVjMsOwiAQRf-FtSEdYKB16d5vIDxmpGogKe3K-O_apAvd3nPOfQkftrX4rdPi5yzOAsTpd4shPajuIN9DvTWZWl2XOcpdkQft8toyPS-H-3dQQi_fWqkpJ6eQLToCBzmCVpYYDY-sp4EpatQ2miECoVNgEpqsiW0yo0Ur3h_QoDdO:1svgL5:Pbq3c_s2pfe_hkAPnDWVGonJMyDBmInlQ_h2QfP6hsA','2024-10-01 17:37:07.604515'),('vuf3sch8ibc8y43xsfesogq630s8zhdw','.eJxVjMsOwiAQRf-FtSEdYKB16d5vIDxmpGogKe3K-O_apAvd3nPOfQkftrX4rdPi5yzOAsTpd4shPajuIN9DvTWZWl2XOcpdkQft8toyPS-H-3dQQi_fWqkpJ6eQLToCBzmCVpYYDY-sp4EpatQ2miECoVNgEpqsiW0yo0Ur3h_QoDdO:1t42JL:jCI7lkimZShbbbOFWWdzcHckM1zkLdiIVLU-A_Bvn2E','2024-10-24 18:41:51.890193'),('w3ffo7juuhbzjuvgiekt6dsjmv50viah','.eJxVjMsOwiAQRf-FtSEdYKB16d5vIDxmpGogKe3K-O_apAvd3nPOfQkftrX4rdPi5yzOAsTpd4shPajuIN9DvTWZWl2XOcpdkQft8toyPS-H-3dQQi_fWqkpJ6eQLToCBzmCVpYYDY-sp4EpatQ2miECoVNgEpqsiW0yo0Ur3h_QoDdO:1t0o0k:mVoaucfTFjeqIeEsMRh3sAlqFQbO_qKGSDt-_XTcLws','2024-10-15 20:49:18.103288'),('w4poe4ycxazij0e64ode1l1x7vjc3ikc','.eJxVjMsOwiAQRf-FtSEdYKB16d5vIDxmpGogKe3K-O_apAvd3nPOfQkftrX4rdPi5yzOAsTpd4shPajuIN9DvTWZWl2XOcpdkQft8toyPS-H-3dQQi_fWqkpJ6eQLToCBzmCVpYYDY-sp4EpatQ2miECoVNgEpqsiW0yo0Ur3h_QoDdO:1t5Ucn:_pegaIFr-lOucpYq7kWpAZyVM9vMnwPB2GF-qtp_Rzw','2024-10-28 19:07:57.303360'),('w9t7lpr7w42fommi7qbtukhivxqdivya','.eJxVjMsOwiAQRf-FtSEdYKB16d5vIDxmpGogKe3K-O_apAvd3nPOfQkftrX4rdPi5yzOAsTpd4shPajuIN9DvTWZWl2XOcpdkQft8toyPS-H-3dQQi_fWqkpJ6eQLToCBzmCVpYYDY-sp4EpatQ2miECoVNgEpqsiW0yo0Ur3h_QoDdO:1soOOG:tVMoVRKsco1kAG31MeEt7vM8Ngvp0rJ8LTPkDua0YsM','2024-09-11 15:02:16.600544'),('wx1ziqyjwanfqcj1hpgkvq16iw6mkm0q','.eJxVjMsOwiAQRf-FtSEdYKB16d5vIDxmpGogKe3K-O_apAvd3nPOfQkftrX4rdPi5yzOAsTpd4shPajuIN9DvTWZWl2XOcpdkQft8toyPS-H-3dQQi_fWqkpJ6eQLToCBzmCVpYYDY-sp4EpatQ2miECoVNgEpqsiW0yo0Ur3h_QoDdO:1svKol:YRsDmhBaZMAgAWivz0WYNRrRkXV0I2OL3gH6eQgI2nI','2024-09-30 18:38:19.014999'),('x4cp4d26rhovo22atzwr0uomfruic767','.eJxVjMsOwiAQRf-FtSEdYKB16d5vIDxmpGogKe3K-O_apAvd3nPOfQkftrX4rdPi5yzOAsTpd4shPajuIN9DvTWZWl2XOcpdkQft8toyPS-H-3dQQi_fWqkpJ6eQLToCBzmCVpYYDY-sp4EpatQ2miECoVNgEpqsiW0yo0Ur3h_QoDdO:1t3vhG:aZOmSQ2M50H2pnab6dUV3xRIOzrhCnAhOQZ6lJFBWy4','2024-10-24 11:38:06.902309'),('x812qs06qg4aw5nj0dsmw62vtve1xmcs','.eJxVjMsOwiAQRf-FtSEdYKB16d5vIDxmpGogKe3K-O_apAvd3nPOfQkftrX4rdPi5yzOAsTpd4shPajuIN9DvTWZWl2XOcpdkQft8toyPS-H-3dQQi_fWqkpJ6eQLToCBzmCVpYYDY-sp4EpatQ2miECoVNgEpqsiW0yo0Ur3h_QoDdO:1strv3:A44aXZa9HVq-WoE2QLRO3TEM4sRfBc3uoO9DEe3owz8','2024-09-26 17:34:45.543543'),('xii0cg56vh15tt9i22ukxadzwmbcsanm','.eJxVjMsOwiAQRf-FtSEdYKB16d5vIDxmpGogKe3K-O_apAvd3nPOfQkftrX4rdPi5yzOAsTpd4shPajuIN9DvTWZWl2XOcpdkQft8toyPS-H-3dQQi_fWqkpJ6eQLToCBzmCVpYYDY-sp4EpatQ2miECoVNgEpqsiW0yo0Ur3h_QoDdO:1stZ7V:ZZLE7qJ1LiuquqViEa6XufOHT7MJSWbrny0fjl_yL1o','2024-09-25 21:30:21.640358'),('ycrv44v79q64z4yn6k2kxt33pout4h2j','.eJxVjMsOwiAQRf-FtSEdYKB16d5vIDxmpGogKe3K-O_apAvd3nPOfQkftrX4rdPi5yzOAsTpd4shPajuIN9DvTWZWl2XOcpdkQft8toyPS-H-3dQQi_fWqkpJ6eQLToCBzmCVpYYDY-sp4EpatQ2miECoVNgEpqsiW0yo0Ur3h_QoDdO:1sw3aI:b_2Kzakm3e-f1tjpg018j_jRcOPLrgs_Ac0YusLWkQM','2024-10-02 18:26:22.519638'),('z38s2ihkxyfd85m5y63o7hcks7ldzcb9','.eJxVjMsOwiAQRf-FtSEdYKB16d5vIDxmpGogKe3K-O_apAvd3nPOfQkftrX4rdPi5yzOAsTpd4shPajuIN9DvTWZWl2XOcpdkQft8toyPS-H-3dQQi_fWqkpJ6eQLToCBzmCVpYYDY-sp4EpatQ2miECoVNgEpqsiW0yo0Ur3h_QoDdO:1t8kFM:plj1kIwZwcnUrDXXBeBGQoM0vjY-8HSkMegYuKY05TU','2024-11-06 18:25:12.959727'),('z5kqvi78c7rpr3lh5v20s2tqxejieuqo','.eJxVjMsOwiAQRf-FtSEdYKB16d5vIDxmpGogKe3K-O_apAvd3nPOfQkftrX4rdPi5yzOAsTpd4shPajuIN9DvTWZWl2XOcpdkQft8toyPS-H-3dQQi_fWqkpJ6eQLToCBzmCVpYYDY-sp4EpatQ2miECoVNgEpqsiW0yo0Ur3h_QoDdO:1swNNP:9j_B_g4HLaI4_HhS2IYuQ25TmKDfK7Txyq8pGIHob4E','2024-10-03 15:34:23.791905'),('zd3wn4z7ngvk0p03l4dx7p29h8mysmyu','.eJxVjMsOwiAQRf-FtSEdYKB16d5vIDxmpGogKe3K-O_apAvd3nPOfQkftrX4rdPi5yzOAsTpd4shPajuIN9DvTWZWl2XOcpdkQft8toyPS-H-3dQQi_fWqkpJ6eQLToCBzmCVpYYDY-sp4EpatQ2miECoVNgEpqsiW0yo0Ur3h_QoDdO:1t2xVR:DXeMqQD8nWeAvxlIcq6V6d57-gO9FAbYktBkqrocoNk','2024-10-21 19:21:53.165340'),('zi4pf6rd4f3o2y3xgbxeyiyx162xsiuw','.eJxVjMsOwiAQRf-FtSEdYKB16d5vIDxmpGogKe3K-O_apAvd3nPOfQkftrX4rdPi5yzOAsTpd4shPajuIN9DvTWZWl2XOcpdkQft8toyPS-H-3dQQi_fWqkpJ6eQLToCBzmCVpYYDY-sp4EpatQ2miECoVNgEpqsiW0yo0Ur3h_QoDdO:1t3g81:jFsZvopexQUTgXpn5VwtdNz8Q6iW_JR5P-w5DX1aJyI','2024-10-23 19:00:41.949203'),('zv97bdendvfbat7od2vp2oblucyd6397','.eJxVjMsOwiAQRf-FtSEdYKB16d5vIDxmpGogKe3K-O_apAvd3nPOfQkftrX4rdPi5yzOAsTpd4shPajuIN9DvTWZWl2XOcpdkQft8toyPS-H-3dQQi_fWqkpJ6eQLToCBzmCVpYYDY-sp4EpatQ2miECoVNgEpqsiW0yo0Ur3h_QoDdO:1sp7FV:zCdC44Se0SwZqTxmdGRcxuf5-8tarUInDHsDkBe1t1g','2024-09-13 14:56:13.756194');
/*!40000 ALTER TABLE `django_session` ENABLE KEYS */;
UNLOCK TABLES;

--
-- Table structure for table `items_items`
--

DROP TABLE IF EXISTS `items_items`;
/*!40101 SET @saved_cs_client     = @@character_set_client */;
/*!50503 SET character_set_client = utf8mb4 */;
CREATE TABLE `items_items` (
  `id` varchar(36) NOT NULL,
  `create_at` date NOT NULL,
  `category` varchar(100) NOT NULL,
  `quantity` int unsigned NOT NULL,
  `brand` varchar(100) NOT NULL,
  `location` varchar(100) NOT NULL,
  `model` varchar(100) NOT NULL,
  `name` varchar(100) NOT NULL,
  `observation` varchar(600) NOT NULL,
  `sub_category` varchar(100) NOT NULL,
  `modified_by_id` int DEFAULT NULL,
  PRIMARY KEY (`id`),
  KEY `items_items_modified_by_id_3b626255_fk_auth_user_id` (`modified_by_id`),
  CONSTRAINT `items_items_modified_by_id_3b626255_fk_auth_user_id` FOREIGN KEY (`modified_by_id`) REFERENCES `auth_user` (`id`),
  CONSTRAINT `items_items_quantity_ca5b0272_check` CHECK ((`quantity` >= 0))
) ENGINE=InnoDB DEFAULT CHARSET=utf8mb4 COLLATE=utf8mb4_0900_ai_ci;
/*!40101 SET character_set_client = @saved_cs_client */;

--
-- Dumping data for table `items_items`
--

LOCK TABLES `items_items` WRITE;
/*!40000 ALTER TABLE `items_items` DISABLE KEYS */;
INSERT INTO `items_items` VALUES ('01ff1e84-a740-4c73-9619-2510afe0aac1','2024-10-08','INFORMÁTICA',1,'AOC LCD MONITOR','Almoxarifado 014 - Fora de Armário','717FWY-1','MONITOR','Monitor de 17 polegada com uma entrada fêmea VGA','PERIFÉRICOS',NULL),('0435bf3b-818e-4642-902f-67bf992a4d1c','2024-09-13','DESCARTE',1,'EPSON','Almoxarifado 014 - Arm. 1| P1','H368A','PROJETOR','Funcionando','NÃO A SUB CATEGORIAS',NULL),('084960fa-4637-4e77-8dd3-e930451be278','2024-10-08','INFORMÁTICA',1,'SAMSUNG','Almoxarifado 014 - Fora de Armário','S22B300B','MONITOR','Monitor com 22 polegada com uma entrada fêmea DVI e VGA\r\n\r\nObservação: Monitor vindo da antiga sala do Jaymer - Sala 111','PERIFÉRICOS',NULL),('0ace6436-7212-468c-bb47-6a1c7978c231','2024-09-18','FERRAMENTA',1,'MOTOROLA','Almoxarifado 014 - Arm. 1| P2','T5720','TALK ABOUT','Não há bateria','NÃO SUB HÁ CATEGORIAS',1),('0dafb06d-3139-4d5b-a32c-158123f1cc3d','2024-09-13','DESCARTE',1,'SHARP NOTEVISION','Almoxarifado 014 - Arm. 1| P1','PG-M20S','PROJETOR','Transferido para o DIN','NÃO A SUB CATEGORIAS',NULL),('0eceb0a5-1e62-4911-ba2c-050730c1e3b5','2024-10-15','MATERIAL DE CONSUMO',1,'GENÉRICO','Almoxarifado 014 - Fora de Armário','GENÉRICO','MANNA - MÁQUINA','Esta máquina está identificada como ID : 1 porque não possui tombo e usaremos esse id para podermos identificá-los de outras máquinas.\r\n\r\nEspecificação: \r\n\r\nIntel Pentium Duo Core 1º Geração\r\nPlaca mãe: PCI Express ATA 100 | model. P745GC-M\r\nDDR2 - Sem memória\r\nFonte de Alimentação: Coletek model. Atx Ct 2045s 115/230V','ITEM USADO',1),('10f774e4-da61-4c97-9b39-d194852ea082','2024-09-26','INFORMÁTICA',1,'LIVA','Almoxarifado 014 - Fora de Armário','MINI PC LIVA','KIT DE REPOSIÇÃO LIN\'S 2024','Kit possui os seguintes itens:\r\n- Cabo Macho VGA para HDMI;\r\n- Monitor Model. E22705WN; e\r\n- Suporte.\r\n\r\n- Configuração Máquina:\r\n  - 1UN. HDD 500 GB | WD Blue | Model. WD5000LDCX - 00VHAT0;\r\n  -  Intel Dual Band Wireless-AC | Model. 3165NGW; e\r\n  - 2UN. Memória 4GB | Model. M54512NSE - CB3M2.','PEÇAS DE REPOSIÇÃO',NULL),('12e1fdac-8afb-4894-84da-561c0ae49eba','2024-09-17','INFORMÁTICA',1,'SANSUNG','Almoxarifado 014 - Arm. 1| P1','SV2011H','HDD - 20 GB','HDD usado','ACESSÓRIOS',NULL),('163b307d-fe2b-4060-b485-af90b7fce9f1','2024-10-16','MATERIAL DE CONSUMO',1,'GENÉRICO','Almoxarifado 014 - Fora de Armário','GENÉRICO','MANNA - MÁQUINA','Esta máquina está identificada como ID : 4 porque não possui tombo e usaremos esse id para podermos identificá-los de outras máquinas.\r\n\r\nEspecificação: \r\n\r\nPentium Dual - Core\r\nPlaca mãe : Phitronics model.  G31vs - M\r\nDDR2 - 4 GB\r\nFonte de alimentação:  Kmex model. Atx12v 115/230v','ITEM USADO',NULL),('1911bfcd-8231-433e-bb36-b3c24595c42f','2024-11-13','DESCARTE',20,'GENÉRICO','Almoxarifado 014 - Arm. 0 P1','GENÉRICO','TECLADO COM DEFEITOS','Teclados doados pelo Manna.','NÃO HÁ SUB CATEGORIAS',NULL),('1948d92a-23e8-441f-aa5a-efe03b053674','2024-09-17','MATERIAL PARA INSTALAÇÃO',2,'KAIOMY TECHNOLOGY','Almoxarifado 014 - Arm. 1| P2','UHUB-5P','HUB USB','PCI USB HUB 5 Ports','OUTROS',NULL),('1d897fab-0364-46d0-b8ac-8a8d4807db12','2024-09-13','DESCARTE',1,'SONY','Almoxarifado 014 - Arm. 1| P1','PVPL-CS6','PROJETOR','Lâmpada queimada','NÃO A SUB CATEGORIAS',NULL),('1dade55b-67ff-426d-9a4c-2eee7933fa12','2024-09-17','INFORMÁTICA',2,'PIXELVIEW','Almoxarifado 014 - Arm. 1| P2','M4900','PLACA DE CAPTURA','Hight Quality MPEG2 TV Capture Card','ACESSÓRIOS',NULL),('1e216553-f7d4-46f7-be1c-2136c1087a23','2024-09-30','INFORMÁTICA',1,'ACER','Almoxarifado 014 - Fora de Armário','G205HV','MANNA - MONITOR','COM DEFEITO\r\n\r\nMonitor com 20 polegada com uma entrada VGA Fêmea','PERIFÉRICOS',1),('1f6236f0-a95e-43c9-9eff-c345d8ca2aea','2024-09-17','MATERIAL PARA INSTALAÇÃO',1,'EPSON','Almoxarifado 014 - Arm. 1| P2','ELPLP 39','LÂMPADA DE PROJETOR','','ELÉTRICAS',NULL),('21c20363-5729-4276-8a84-e53c62725ad6','2024-09-30','INFORMÁTICA',1,'SAMSUNG','Almoxarifado 014 - Fora de Armário','S22A300B','MANNA - MONITOR','Monitor 22 polegada com uma entrada DVI e VGA Fêmea','PERIFÉRICOS',1),('22cdc004-17d9-4d81-a717-f99c785d0e07','2024-09-17','INFORMÁTICA',1,'SANSUNG','Almoxarifado 014 - Arm. 1| P1','SP0842N','HDD - 80 GB','HDD usado','ACESSÓRIOS',NULL),('24795abf-3374-4b13-90a6-141172b1ab04','2024-09-17','INFORMÁTICA',1,'WESTERN DIGITAL','Almoxarifado 014 - Arm. 1| P1','WD1600JS','HDD - 160 GB','HDD usado','ACESSÓRIOS',NULL),('25d50ee6-9872-4663-981e-7d00cb073605','2024-09-11','INFORMÁTICA',28,'LENOVO','Almoxarifado 014 - Arm. 0 | P2','NÃO POSSUI','KIT COMPLETO LENOVO 2024','O kit possui os seguintes itens:\r\n- 1 UN Cabo USB para impressora;\r\n- 1 UN Cabo de força de 3 pinos;\r\n- 1 UN Organizador de cabos;\r\n- 1 UN Mouse Pad LENOVO\r\n- 1 UN Antena de rede; e\r\n- 2 UN manuais de usuários.','ACESSÓRIOS',NULL),('2831b056-cf97-4bcf-8747-65d47cf00ea4','2024-09-17','INFORMÁTICA',1,'SEAGATE BARRACUDA 7200.10','Almoxarifado 014 - Arm. 1| P2','ST3250820AS','HDD - 250 GB','HDD usado','ACESSÓRIOS',NULL),('2865e55e-4a90-4b13-9bda-15c33556c4af','2024-09-17','INFORMÁTICA',2,'ASUS','Almoxarifado 014 - Arm. 1| P2','RT-AC51U','ROTEADOR','O pacote contém: \r\n\r\n- Roteador AC750 sem fio de banda dupla RT-AC1U;\r\n- Cabo RJ-45;\r\n- Adaptador de energia;\r\n- Guia de início rápido; e\r\n- Cartão de garantia.','EQUIPAMENTOS',1),('2ae4ff65-d73e-4744-a0fd-d1074eb2d68e','2024-09-13','INFORMÁTICA',1,'LG','Almoxarifado 014 - Arm. 1| P1','GH24NSCO','DVD WRITER','','ACESSÓRIOS',NULL),('2c856073-2749-4ce9-83ce-8b3e78dad36a','2024-09-17','INFORMÁTICA',1,'SANSUNG','Almoxarifado 014 - Arm. 1| P1','HD502HJ','HDD - 500 GB','HDD usado','ACESSÓRIOS',NULL),('2ddd5c77-d559-469b-b9de-1db371be159c','2024-09-17','MATERIAL PARA INSTALAÇÃO',1,'EPSON','Almoxarifado 014 - Arm. 1| P2','NÃO IDENTIFICADA','LÂMPADA DE PROJETOR','','ELÉTRICAS',NULL),('2e6cac02-0fb1-4244-ac5e-9f86bed5eee0','2024-09-17','MATERIAL PARA INSTALAÇÃO',2,'EPSON','Almoxarifado 014 - Arm. 1| P2','PL-58+','LÂMPADA DE PROJETOR','Uma lâmpada esta estragada','ELÉTRICAS',NULL),('2ff4d756-5fa4-4e72-8e6b-833f9a939600','2024-09-26','INFORMÁTICA',1,'AOC LCD MONITOR','Almoxarifado 014 - Fora de Armário','717FWY-1','MONITOR - USADO','Monitor usado - 17 polegada','PERIFÉRICOS',NULL),('313e4153-7797-4669-a626-d524944138db','2024-09-17','INFORMÁTICA',1,'SEAGATE BARRACUDA 7200.12','Almoxarifado 014 - Arm. 1| P1','ST3250318AS','HDD - 250 GB','HDD usado','ACESSÓRIOS',NULL),('36b586fb-2d88-44ab-8fef-56e3d8b39c19','2024-09-13','DESCARTE',1,'SONY','Almoxarifado 014 - Arm. 1| P1','VPL-EX70','PROJETOR','Com defeito, não liga\r\nLâmpada nova - pirata','NÃO A SUB CATEGORIAS',NULL),('394a2a23-c738-4e10-a746-a337d5122651','2024-10-15','MATERIAL DE CONSUMO',1,'GENÉRICO','Almoxarifado 014 - Fora de Armário','GENÉRICO','MANNA - MÁQUINA','Especificação:\r\n\r\nIntel Pentium 4\r\nPlaca mãe: Gigabyte model. GA - VW800PMC\r\nSem memória\r\nHD 80 GB Samsung model. Sp0802N','ITEM USADO',1),('398defed-1448-428d-a5fc-6625334c798f','2024-09-30','INFORMÁTICA',2,'SAMSUNG','Almoxarifado 014 - Fora de Armário','933SNPLUS','MANNA - MONITOR','Monitores com 18,5 polegada com uma entrada VGA Fêmea','PERIFÉRICOS',NULL),('39e2d9a2-d217-4db0-9a06-e11a85d3cca5','2024-10-15','MATERIAL DE CONSUMO',1,'GENÉRICO','Almoxarifado 014 - Fora de Armário','GENÉRICO','MANNA - MÁQUINA','Especificação: \r\n\r\nAMD Athlon 64\r\nPlaca mãe: Asus model. M2NPV-VM\r\n2 GB\r\nHD 160 GB Samsung  model. 5X1604N\r\nFonte de alimentação: Mtek model.  Lc 8500btx 115/230V\r\n\r\nOBS: USB não funciona','ITEM USADO',1),('3aa189c0-d3ef-4fcd-8b2e-a49a05298cfc','2024-09-26','INFORMÁTICA',1,'AOC LCD MONITOR','Almoxarifado 014 - Fora de Armário','717FWY-1','MONITOR - USADO','Monitor usado - 17 polegada','PERIFÉRICOS',1),('3bb1d460-4820-434b-bbdd-4b7552f2439d','2024-09-13','DESCARTE',1,'EPSON','Almoxarifado 014 - Arm. 1| P1','H309A','PROJETOR','Funcionando','NÃO A SUB CATEGORIAS',NULL),('3cee9925-27e4-4f0f-a1ab-a30639de9d91','2024-11-06','MATERIAL DE CONSUMO',1,'GENÉRICO','Almoxarifado 014 - Fora de Armário','GENÉRICO','MANNA - MÁQUINA','Especificação: \r\n\r\nIntel Core 2 Quad\r\nPlaca mãe: Intel Desktop Board 01\r\nSem memória\r\nPlaca de Rede: 3 COM Wireless 11G PCI Adapter WL - 549\r\nHD 520 GB Samsung HD322HJ \r\nFonte Coletek DSE-200P 115/230V','ITEM USADO',NULL),('3db11062-3acb-405d-be63-4f6173a675e6','2024-09-26','INFORMÁTICA',1,'LIVA','Almoxarifado 014 - Fora de Armário','MINI PC LIVA','KIT DE REPOSIÇÃO LIN\'S 2024','Kit possui os seguintes itens:\r\n- Cabo Macho VGA para HDMI;\r\n- Monitor Model. E22705WN; e\r\n- Suporte.\r\n\r\n- Configuração Máquina:\r\n  - 1UN. HDD 500 GB | WD Blue | Model. WD5000LDCX - 00VHAT0;\r\n  -  Intel Dual Band Wireless-AC | Model. 3165NGW; e\r\n  - 2UN. Memória 4GB | Model. M54512NSE - CB3M2.','PEÇAS DE REPOSIÇÃO',NULL),('3e208901-c305-485d-9b0d-56e37aeb49a5','2024-11-13','INFORMÁTICA',13,'GENÉRICO','Almoxarifado 014 - Arm. 0 P1','GENÉRICO','TECLADOS USADOS PS2','','PERIFÉRICOS',NULL),('42a0fc38-3a93-4cb4-b17a-aea1803484e6','2024-11-06','MATERIAL DE CONSUMO',1,'GENÉRICO','Almoxarifado 014 - Fora de Armário','GENÉRICO','MANNA - MÁQUINA','Especificação: \r\n\r\nIntel i5 Core \r\nPlaca mãe: Gigabyte GA - H67M - D2 - B3\r\nSem memória - DDR3\r\n1 TB de HD Sansung HD1035J\r\nFonte Coletk DSE-200P 115/230V\r\n\r\nObs: Entrada de fonte de energia quebrada','ITEM USADO',NULL),('44dd350f-ba44-4e9e-b2ef-e7e95b31fc8a','2024-10-15','MATERIAL DE CONSUMO',1,'GENÉRICO','Almoxarifado 014 - Fora de Armário','GENÉRICO','MANNA - MÁQUINA','Esta máquina está identificada como ID : 3 porque não possui tombo e usaremos esse id para podermos identificá-los de outras máquinas.\r\n\r\nEspecificação: \r\n\r\nSem processador\r\nPlaca mãe: AGP 8X\r\nDDR3 - Sem memória\r\nHD - 20 GB Maxtor model. 541DX\r\nFonte Coletek model. Atx LC - 8460Btx 115/230V','ITEM USADO',1),('462fd91f-b9f4-4793-9f90-bfe727334ff8','2024-09-17','MATERIAL PARA INSTALAÇÃO',3,'DATA LAMPADAS','Almoxarifado 014 - Arm. 1| P2','ELPLP 78','LÂMPADA DE PROJETOR','Nova','ELÉTRICAS',NULL),('46a517d4-98a3-4cf7-b2d1-1aba8139ee22','2024-09-13','INFORMÁTICA',1,'LG','Almoxarifado 014 - Arm. 1| P1','GH22NS30','DVD REWRITER','','ACESSÓRIOS',NULL),('47d1eb5b-0ad4-4755-bf49-4084f1692685','2024-09-18','MATERIAL PARA INSTALAÇÃO',1,'HDL','Almoxarifado 014 - Arm. 1| P2','FEC-91LA','FECHO ELETROMAGNÉTICO','','OUTROS',NULL),('489aa056-3d3d-46f9-86c9-6a6b4cff4ae8','2024-09-26','INFORMÁTICA',1,'AOC LCD MONITOR','Almoxarifado 014 - Fora de Armário','717FWY-1','MONITOR - USADO','Monitor usado - 17 polegada','PERIFÉRICOS',NULL),('48d64990-8340-4a40-bef1-22f82d0716f3','2024-09-18','MATERIAL DE CONSUMO',1,'SIEMENS','Almoxarifado 014 - Arm. 1| P2','OPEN STAGE 15 HFA','APARELHO TELEFÔNICO','Vem com fonte de energia dois pinos','ITEM USADO',NULL),('49de240e-7dc6-4da3-a916-c8f30115abbb','2024-10-15','MATERIAL DE CONSUMO',1,'GENÉRICO','Almoxarifado 014 - Fora de Armário','GENÉRICO','MANNA - MÁQUINA','Especificação: \r\n\r\nIntel Core 2 Duo\r\nPlaca mãe: Intel Ices 003 \r\nPlaca de vídeo: D-Link model. DWL-G510 pci\r\nDDR2 - 4 GB\r\nHD 320 GB Samsung model. HD322HJ\r\nFonte de alimentação: Mtek model. Atx - 650 psl','ITEM USADO',1),('4ab8a522-59f1-4b64-a680-e6fdfba33ea5','2024-09-26','INFORMÁTICA',1,'AOC LCD MONITOR','Almoxarifado 014 - Fora de Armário','717FWY-1','MONITOR - USADO','Monitor usado - 17 polegada','PERIFÉRICOS',NULL),('4b5b3dd1-cf30-4f03-a23b-5f579fc59b8e','2024-09-18','INFORMÁTICA',1,'GENÉRICO','Sala 229 - 2° Andar | Sala do Flávio Uber','GENÉRICA','MÁQUINA','Possui as seguintes configurações:\r\n- i7 3770\r\n- 8 GB\r\n- SATA 160 GB\r\n- SSD 128 GB','EQUIPAMENTOS',NULL),('4bd53bbc-9aae-4f3b-aec7-7b216210922b','2024-09-18','MATERIAL PARA INSTALAÇÃO',2,'GENÉRICO','Almoxarifado 014 - Arm. 1| P2','GENÉRICO','PARAFUSOS DIVERSOS','','ELÉTRICAS',NULL),('4be401e1-296d-46d8-87d3-feccbb40fca4','2024-10-15','MATERIAL DE CONSUMO',1,'GENÉRICO','Almoxarifado 014 - Fora de Armário','GENÉRICO','MANNA - MÁQUINA','Esta máquina está identificada como ID : 5 porque não possui tombo e usaremos esse id para podermos identificá-los de outras máquinas.\r\n\r\nEspecificação: \r\n\r\nIntel Celeron D Inside \r\nPlaca mãe: Gigabyte GA - 8VM800M\r\n2 GB\r\nHD 80 GB Samsung  model. SP0802N\r\nFonte de alimentação: Power Supply 450w','ITEM USADO',1),('4c144d4d-926e-45a9-aa34-80f1167a15bd','2024-09-26','INFORMÁTICA',1,'AOC LCD MONITOR','Almoxarifado 014 - Fora de Armário','717FWY-1','MONITOR - USADO','Monitor usado - 17 polegada','PERIFÉRICOS',NULL),('4e432a3f-b3e9-4463-9839-64de6a4c73ae','2024-09-17','INFORMÁTICA',1,'WESTERN DIGITAL','Almoxarifado 014 - Arm. 1| P1','WD2500AAJS','HDD - 250 GB','HDD usado','ACESSÓRIOS',NULL),('4ef09634-d9f7-43f3-aed9-f605157e439c','2024-09-17','MATERIAL PARA INSTALAÇÃO',2,'TP-LINK','Almoxarifado 014 - Arm. 1| P2','TL-PS110U','PRINT SERVER','Single USB 2.0 Port Fast Ethernet','OUTROS',NULL),('4f34f193-76f7-465c-bbcb-abed8d30fb13','2024-09-30','INFORMÁTICA',1,'SAMSUNG','Almoxarifado 014 - Fora de Armário','B1930N','MANNA - MONITOR','Monitor com 19 polegada com uma entrada VGA Fêmea \r\nSem Suporte','PERIFÉRICOS',NULL),('50f8992e-da24-4956-8cc5-5ca12819939f','2024-09-17','INFORMÁTICA',1,'SANSUNG','Almoxarifado 014 - Arm. 1| P1','HD502HI','HDD - 500 GB','HDD usado','ACESSÓRIOS',NULL),('524477b7-e57d-45ee-90e1-15fbe3fa8777','2024-09-13','INFORMÁTICA',1,'LG','Almoxarifado 014 - Arm. 1| P1','GH22NS50','DVD REWRITER','','ACESSÓRIOS',NULL),('54ba3b64-4eb3-4732-9dfd-191b60781dfc','2024-09-13','DESCARTE',1,'SONY','Almoxarifado 014 - Arm. 1| P1','VPL-CS7','PROJETOR','Defeito no LCD\r\nnão forma cores \"Amarelo\"','NÃO A SUB CATEGORIAS',NULL),('5510b220-cc15-4de5-be8b-546215209952','2024-09-30','INFORMÁTICA',1,'SAMSUNG','Almoxarifado 014 - Fora de Armário','T190','MANNA - MONITOR','Monitor com 19 polegada com uma entrada DVI Fêmea e VGA Fêmea','PERIFÉRICOS',NULL),('55a59abe-4723-42ab-9d50-29164da5a49c','2024-11-13','INFORMÁTICA',1,'APC','Almoxarifado 014 - Arm. 0 P1','BACK-UPS ES 600','NOBREAK','Impressora estava em uso pelo jayme, mas está com a bateria danificada.','EQUIPAMENTOS',NULL),('560c64eb-37ef-4671-b1f7-9f92f2f61d2f','2024-09-26','INFORMÁTICA',1,'AOC LCD MONITOR','Almoxarifado 014 - Fora de Armário','717FWY-1','MONITOR - USADO','Monitor usado - 17 polegada','PERIFÉRICOS',NULL),('59ce08cf-48b1-40e7-aeb6-a3dbb5f97fc5','2024-09-18','INFORMÁTICA',1,'GENÉRICO','Almoxarifado 014 - Arm. 1| P2','GENÉRICO','CABO MACHO VGA PARA VGA','','ACESSÓRIOS',NULL),('5abdf34e-6473-4ce0-b0b8-f8d85afb22c8','2024-09-17','INFORMÁTICA',3,'SANSUNG','Almoxarifado 014 - Arm. 1| P1','SP0411N','HDD - 40 GB','HDD\'s usados','ACESSÓRIOS',NULL),('5f6e40de-c7fd-457e-9845-5e37405734af','2024-09-18','INFORMÁTICA',1,'DELL','Almoxarifado 014 - Arm. 1| P1','GENÉRICO','SUPORTE DE HDD DELL','Suporte azul','ACESSÓRIOS',NULL),('5ff2e992-4b8e-4d7a-abd8-385d5772cf40','2024-09-30','INFORMÁTICA',3,'AOC LCD MONITOR','Almoxarifado 014 - Fora de Armário','F19L','MANNA - MONITOR','Monitor com 19 polegadas com um entrada DVI Fêmea e VGA Fêmea\r\n\r\nMonitor identificado como MANNA 000226 - COM DEFEITO','PERIFÉRICOS',NULL),('61eaaeb0-7c71-4cd2-9f3a-d7444bda7031','2024-09-13','INFORMÁTICA',4,'PRONEER','Almoxarifado 014 - Arm. 1| P1','DVR-215DSV','DVD / CD WRITER','','ACESSÓRIOS',NULL),('62937441-2c7f-45ba-9084-d9f61d355ae1','2024-09-26','INFORMÁTICA',1,'AOC LCD MONITOR','Almoxarifado 014 - Fora de Armário','717FWY-1','MONITOR - USADO','Monitor usado - 17 polegada','PERIFÉRICOS',NULL),('62ecd6b9-4cac-4df5-8f7f-49d2aaabc462','2024-09-17','INFORMÁTICA',2,'SEAGATE BARRACUDA 7200.7','Almoxarifado 014 - Arm. 1| P1','ST340014A','HDD - 40 GB','HDD\'s usados','ACESSÓRIOS',NULL),('641074b4-ca39-4b10-809c-7568bf2eab55','2024-09-17','DESCARTE',1,'NÃO IDENTIFICADO','Almoxarifado 014 - Arm. 1| P2','NÃO IDENTIFICADO','TESTADOR DE CABOS DE REDE','','NÃO A SUB CATEGORIAS',NULL),('64c9df56-7f67-48df-b5c3-5630ae8a670d','2024-10-15','INFORMÁTICA',1,'GENÉRICO','Almoxarifado 014 - Fora de Armário','GENÉRICO','MANNA - GABINETE','','ACESSÓRIOS',NULL),('66f9a529-4567-4c5b-acd8-fee23fc55b9f','2024-09-30','INFORMÁTICA',1,'SAMSUNG','Almoxarifado 014 - Fora de Armário','S22A300B','MANNA - MONITOR','Monitor com 22 polegada com uma entrada DVI Fêmea e VGA Fêmea','PERIFÉRICOS',1),('685598d6-06ed-46ec-ba75-9da0a85fa07b','2024-09-26','INFORMÁTICA',1,'LIVA','Almoxarifado 014 - Fora de Armário','MINI PC LIVA','KIT DE REPOSIÇÃO LIN\'S 2024','Kit possui os seguintes itens:\r\n- Cabo Macho VGA para HDMI;\r\n- Monitor Model. E22705WN; e\r\n- Suporte.\r\n\r\n- Configuração Máquina:\r\n  - 1UN. HDD 500 GB | WD Blue | Model. WD5000LDCX - 00VHAT0;\r\n  -  Intel Dual Band Wireless-AC | Model. 3165NGW; e\r\n  - 2UN. Memória 4GB | Model. M54512NSE - CB3M2.','PEÇAS DE REPOSIÇÃO',NULL),('6cd8eb5b-1e46-4aa5-bd8e-22e699615483','2024-09-13','DESCARTE',1,'SONY','Almoxarifado 014 - Arm. 1| P1','VPL-ES5','PROJETOR','Verificar defeito','NÃO A SUB CATEGORIAS',NULL),('6ce25afc-8fc7-42e0-bf88-f15b5c9cd579','2024-09-17','INFORMÁTICA',1,'SANSUNG','Almoxarifado 014 - Arm. 1| P1','HD161HJ','HDD - 160 GB','HDD usado','ACESSÓRIOS',NULL),('6decbbe4-0297-44bc-8616-e13250521c60','2024-09-30','INFORMÁTICA',10,'FSP','Almoxarifado 014 - Arm. 0 P1','FSP065-REB','FONTE CARREGADOR + CABO DE FORÇA 3 PINOS','Carregador com cabo de força três pinos modelo novo\r\n100-240V\r\n65W','ACESSÓRIOS',NULL),('6f0477f7-0865-4c2e-b64f-3b3e3f011635','2024-09-17','INFORMÁTICA',1,'SUPERA THINAGE','Almoxarifado 014 - Arm. 1| P1','NÃO IDENTIFICADO','MÁQUINA ANTIGA LIN','Máquina antiga usando nos laboratórios','EQUIPAMENTOS',NULL),('6f6b0a34-eb45-45f8-b377-ea67d982fc9b','2024-09-13','INFORMÁTICA',20,'EVOLUT','Almoxarifado 014 - Arm. 1| P1','EO-201','TECLADO DESKTOP','Conector USB\r\nTeclados novos','EQUIPAMENTOS',NULL),('704f3fd1-8d19-444b-91af-e925186d5b80','2024-09-17','INFORMÁTICA',1,'SEAGATE BARRACUDA 7200.9','Almoxarifado 014 - Arm. 1| P1','ST31160811AS','HDD - 160 GB','HDD usado | win 10','ACESSÓRIOS',NULL),('71f0b2f0-2638-4af8-abe5-9b529169b9d0','2024-10-15','MATERIAL DE CONSUMO',1,'GENÉRICO','Almoxarifado 014 - Fora de Armário','GENÉRICO','MANNA - MÁQUINA','Especificação: \r\n\r\nIntel Pentium 4\r\nPlaca mãe: Asus model. P5p800 MX\r\nDDR2 - 1,5 GB\r\nHD 320 GB Samsung model. HD321HJ\r\nFonte de alimentação: Satellite model. LC - 8240btx 115/230V','ITEM USADO',1),('72a419c6-9db6-48ac-8bc4-c22f134d7a7b','2024-11-13','INFORMÁTICA',18,'GENÉRICO','Almoxarifado 014 - Arm. 0 P1','GENÉRICO','TECLADOS USADO USB','','PERIFÉRICOS',NULL),('736164d5-4eec-4635-9845-46c715994d06','2024-09-26','INFORMÁTICA',1,'AOC LCD MONITOR','Almoxarifado 014 - Fora de Armário','717FWY-1','MONITOR - USADO','Monitor usado - 17 polegada','PERIFÉRICOS',NULL),('73c7bfe4-c6b2-4add-bdc0-3c298ab639de','2024-09-26','INFORMÁTICA',1,'LIVA','Almoxarifado 014 - Fora de Armário','MINI PC LIVA','KIT DE REPOSIÇÃO LIN\'S 2024','Kit possui os seguintes itens:\r\n- Cabo Macho VGA para HDMI;\r\n- Monitor Model. E22705WN; e\r\n- Suporte.\r\n\r\n- Configuração Máquina:\r\n  - 1UN. HDD 500 GB | WD Blue | Model. WD5000LDCX - 00VHAT0;\r\n  -  Intel Dual Band Wireless-AC | Model. 3165NGW; e\r\n  - 2UN. Memória 4GB | Model. M54512NSE - CB3M2.','PEÇAS DE REPOSIÇÃO',NULL),('73f35d03-d2b8-43a1-90a4-57430c2610a7','2024-09-17','DESCARTE',1,'NÃO IDENTIFICADO','Almoxarifado 014 - Arm. 1| P2','NÃO IDENTIFICADO','MULTIMETER','','NÃO A SUB CATEGORIAS',NULL),('743ab1e9-b260-4627-b18d-26a426ad1332','2024-11-06','MATERIAL DE CONSUMO',1,'GENÉRICO','Almoxarifado 014 - Fora de Armário','GENÉRICO','MANNA - MÁQUINA','Especificação: \r\n\r\nIntel i5 Core\r\nPlaca mãe: Gigabyte GA - H67M - D2 - B3\r\nMemória 8GB DDR3\r\nHD 250GB WD WD2500HJS\r\nFonte Blue Case BLU 350K Atx 115/230V','ITEM USADO',NULL),('75a3c086-c1b1-4c58-a7df-05518dc30d5e','2024-09-26','INFORMÁTICA',1,'AOC LCD MONITOR','Almoxarifado 014 - Fora de Armário','717FWY-1','MONITOR - USADO','Monitor usado - 17 polegada','PERIFÉRICOS',NULL),('7639880f-25cb-4910-8363-fa837f70e17f','2024-09-17','INFORMÁTICA',1,'SUPERA THINAGE','Almoxarifado 014 - Arm. 1| P1','NÃO IDENTIFICADO','MÁQUINA ANTIGA LIN','Máquina usada antigamente nos laboratórios','EQUIPAMENTOS',NULL),('764ccf5d-1ca7-486f-babe-60fa4b717a00','2024-09-26','INFORMÁTICA',1,'AOC LCD MONITOR','Almoxarifado 014 - Fora de Armário','717FWY-1','MONITOR - USADO','Monitor usado - 17 polegada','PERIFÉRICOS',NULL),('769c8c77-e9b5-4be4-80d0-71f0a99634ae','2024-09-26','INFORMÁTICA',1,'LIVA','Almoxarifado 014 - Fora de Armário','MINI PC LIVA','KIT DE REPOSIÇÃO LIN\'S 2024','Itens de kit de reposição:\r\n- Monitor AOC usado 17 polegado\r\n- Suporte \r\n\r\n- Configuração da máquina:\r\n  - 1 UN HDD 500GB | WD Blue | Model. WD5000LDCX - 00VHX0\r\n  - Intel Dual Band Wireless - AC | Model. 3165NGW\r\n - 2 UN memória 4 GB | Model. M54512NSE - CB3M2','PEÇAS DE REPOSIÇÃO',NULL),('77b41d10-0cef-449b-871b-3069af7c7a96','2024-09-26','INFORMÁTICA',1,'LIVA','Almoxarifado 014 - Fora de Armário','MINI PC LIVA','KIT DE REPOSIÇÃO LIN\'S 2024','Kit possui os seguintes itens:\r\n- Cabo Macho VGA para HDMI;\r\n- Monitor Model. E22705WN; e\r\n- Suporte.\r\n\r\n- Configuração Máquina:\r\n  - 1UN. HDD 500 GB | WD Blue | Model. WD5000LDCX - 00VHAT0;\r\n  -  Intel Dual Band Wireless-AC | Model. 3165NGW; e\r\n  - 2UN. Memória 4GB | Model. M54512NSE - CB3M2.','PEÇAS DE REPOSIÇÃO',NULL),('7a7840ca-d3d4-437d-a841-cb3371865020','2024-09-17','INFORMÁTICA',2,'SEAGATE','Almoxarifado 014 - Arm. 1| P1','BARRACUDA 7200.12','HDD - 500 GB','HDD\'s usados','ACESSÓRIOS',NULL),('7b7ed23f-0cc5-412d-993f-ec7455f280d5','2024-09-11','INFORMÁTICA',6,'LENOVO','Almoxarifado 014 - Arm. 4 | P2','NÃO POSSUI','KIT INCOMPLETO LENOVO 2024','','ACESSÓRIOS',NULL),('7c5cebb7-236e-48a9-9a17-35b34869b3c2','2024-09-18','MATERIAL DE CONSUMO',1,'RMVB PLAYER','Almoxarifado 014 - Arm. 1| P2','RM-2009S','HDD PLAYER','Kit com: \r\n- Cabo Macho USB para USB\r\n- Fonte de energia Model. SCP0502000P','ITEM USADO',NULL),('7d328f86-ac70-424c-9039-30d1427b5f64','2024-11-06','MATERIAL DE CONSUMO',1,'GENÉRICO','Almoxarifado 014 - Fora de Armário','GENÉRICO','MANNA - MÁQUINA','Especificação: \r\n\r\nIntel Petium 4\r\nPlaca mãe: Intel Desktop Board\r\nSem memória\r\nHD 80GB Samsung HD080HJ\r\nFonte K-Mex PN - 200 115/230V','ITEM USADO',NULL),('7e9a654c-6d2e-47bb-895b-7454b0b9dbce','2024-10-15','MATERIAL DE CONSUMO',1,'GENÉRICO','Almoxarifado 014 - Fora de Armário','GENÉRICO','MANNA - MÁQUINA','Especificação:\r\n\r\nIntel Pentium 4\r\nPlaca mãe: Não identificado\r\n1 GB\r\nHD 160 GB Samsung SP1604N\r\nFonte de alimentação: Coletek LC-B450E 115/230V','ITEM USADO',1),('7efbd5eb-c0d5-4b4f-8827-591e8378365f','2024-09-13','DESCARTE',1,'SONY','Almoxarifado 014 - Arm. 1| P1','VPL-EX3','PROJETOR','','NÃO A SUB CATEGORIAS',NULL),('7f8596d8-9440-499c-9736-49d12662f928','2024-09-26','INFORMÁTICA',1,'LIVA','Almoxarifado 014 - Fora de Armário','MINI PC LIVA','KIT DE REPOSIÇÃO LIN\'S 2024','Kit possui os seguintes itens:\r\n- Cabo Macho VGA para HDMI;\r\n- Monitor Model. E22705WN; e\r\n- Suporte.\r\n\r\n- Configuração Máquina:\r\n  - 1UN. HDD 500 GB | WD Blue | Model. WD5000LDCX - 00VHAT0;\r\n  -  Intel Dual Band Wireless-AC | Model. 3165NGW; e\r\n  - 2UN. Memória 4GB | Model. M54512NSE - CB3M2.','PEÇAS DE REPOSIÇÃO',NULL),('819cd4c6-9b57-4efd-a901-568d3cb0c857','2024-09-17','INFORMÁTICA',9,'DIAMONDMAX PLUS 8','Almoxarifado 014 - Arm. 1| P1','6E040L0','HDD - 40 GB','3 Unidades HDD\'s usados\r\n6 Unidades HDD\'s novos','ACESSÓRIOS',NULL),('8244b644-117c-4642-a370-c9697dba80a9','2024-10-03','INFORMÁTICA',1,'SAMSUNG','Almoxarifado 014 - Fora de Armário','S22A300B','MONITOR','','PERIFÉRICOS',NULL),('85d8bac9-6709-4704-83df-b8d57fbf6088','2024-09-26','INFORMÁTICA',1,'AOC LCD MONITOR','Almoxarifado 014 - Fora de Armário','717FWY-1','MONITOR - USADO','Monitor usado - 17 polegada','PERIFÉRICOS',NULL),('8655afa6-5efb-4c04-b312-5bd776eadff1','2024-10-15','MATERIAL DE CONSUMO',1,'GENÉRICO','Almoxarifado 014 - Fora de Armário','GENÉRICO','MANNA - MÁQUINA','Esta máquina está identificada como ID : 2 porque não possui tombo e usaremos esse id para podermos identificá-los de outras máquinas.\r\n\r\nEspecificação:\r\n\r\nIntel Pentium Duo Core 1º Geração\r\nPlaca mãe: Phitronics model. G31V5-M\r\nDDR2 - Sem memória\r\nFonte de alimentação: Powerx model. Atx Duex Dx230 230w','ITEM USADO',1),('87ceb63d-5c32-4c09-a6c1-b8a786dab102','2024-09-13','DESCARTE',1,'SONY','Almoxarifado 014 - Arm. 1| P1','VPL-ES3','PROJETOR','','NÃO A SUB CATEGORIAS',NULL),('88ba0637-b4a0-46bc-a7e0-b1de16bf2b81','2024-09-17','MATERIAL PARA INSTALAÇÃO',1,'SONY','Almoxarifado 014 - Arm. 1| P2','VPL ES5','LÂMPADA DE PROJETOR','Usada','ELÉTRICAS',NULL),('88e0efe6-cac8-457e-9c20-f8ecf9123221','2024-09-26','INFORMÁTICA',1,'AOC LCD MONITOR','Almoxarifado 014 - Fora de Armário','717FWY-1','MONITOR - USADO','Monitor usado - 17 polegada','PERIFÉRICOS',NULL),('8949ca70-60a1-4093-9344-18780076606b','2024-09-17','INFORMÁTICA',6,'TP-LINK','Almoxarifado 014 - Arm. 1| P2','TL-MR3020','ROTEADOR PORTÁTIL','Portable 3G/4G Wireles N Router','EQUIPAMENTOS',NULL),('8c1a1434-be8b-472b-8ae1-4e25a89111ff','2024-09-26','INFORMÁTICA',1,'AOC LCD MONITOR','Almoxarifado 014 - Fora de Armário','717FWY-1','MONITOR - USADO','Monitor usado - 17 polegada','PERIFÉRICOS',NULL),('8c290a29-d4be-4549-bdb4-ea2212d98d03','2024-09-26','INFORMÁTICA',1,'AOC LCD MONITOR','Almoxarifado 014 - Fora de Armário','717FWY-1','MONITOR - USADO','Monitor usado - 17 polegada','PERIFÉRICOS',NULL),('8c57eb4d-a1e8-466c-b550-3b72672d9dd7','2024-10-08','INFORMÁTICA',1,'SAMSUNG','Almoxarifado 014 - Fora de Armário','T220','MONITOR - USADO','Monitor de 22 polegada com uma entrada fêmea DVI e VGA','PERIFÉRICOS',NULL),('91afa231-b6e0-4fa3-8fc4-1c6d85c67a02','2024-09-30','INFORMÁTICA',1,'SAMSUNG','Almoxarifado 014 - Fora de Armário','943BWX','MANNA - MONITOR','COM DEFEITO\r\nSEM SUPORTE \r\n\r\nMonitor com 19 polegada com um entrada DVI Fêmea e VGA Fêmea','PERIFÉRICOS',1),('935dd96c-c166-4ec2-b447-f7918549c360','2024-09-17','MATERIAL PARA INSTALAÇÃO',1,'EPSON','Almoxarifado 014 - Arm. 1| P2','LITE X10+','LÂMPADA DE PROJETOR','','ELÉTRICAS',NULL),('952976d9-16dd-486e-a935-fa1c45f40796','2024-09-30','INFORMÁTICA',1,'SAMSUNG','Almoxarifado 014 - Fora de Armário','T190','MANNA - MONITOR','Monitor com 19 polegada com uma entrada DVI Fêmea e VGA Fêmea','PERIFÉRICOS',NULL),('9c692f9e-905b-40c4-9702-13b7ba265eef','2024-09-26','INFORMÁTICA',1,'LIVA','Almoxarifado 014 - Fora de Armário','MINI PC LIVA','KIT DE REPOSIÇÃO LIN\'S 2024','Kit possui os seguintes itens:\r\n- Cabo Macho VGA para HDMI;\r\n- Monitor Model. E22705WN; e\r\n- Suporte.\r\n\r\n- Configuração Máquina:\r\n  - 1UN. HDD 500 GB | WD Blue | Model. WD5000LDCX - 00VHAT0;\r\n  -  Intel Dual Band Wireless-AC | Model. 3165NGW; e\r\n  - 2UN. Memória 4GB | Model. M54512NSE - CB3M2.','PEÇAS DE REPOSIÇÃO',NULL),('9d50b5dc-499a-422d-bbb4-6a420a271483','2024-09-17','INFORMÁTICA',2,'SANSUNG','Almoxarifado 014 - Arm. 1| P1','HD161GJ','HDD - 160 GB','HDD\'s usados','ACESSÓRIOS',NULL),('9d72c632-5b5f-469f-9d1a-471a2aeca189','2024-09-26','INFORMÁTICA',1,'AOC LCD MONITOR','Almoxarifado 014 - Fora de Armário','717FWY-1','MONITOR - USADO','Monitor usado - 17 polegada','PERIFÉRICOS',NULL),('9f1f4719-fe17-4140-9b8e-484675ee0a52','2024-10-08','INFORMÁTICA',1,'LG','Almoxarifado 014 - Fora de Armário','W2486L','MONITOR','Monitor de 24 polegada com uma entrada fêmea DVI e VGA','PERIFÉRICOS',NULL),('9f9b3d89-3408-4644-93a1-7d54dd9e1d60','2024-09-30','INFORMÁTICA',1,'SAMSUNG','Almoxarifado 014 - Fora de Armário','S22A300B','MANNA - MONITOR','COM DEFEITO\r\n\r\nMonitor 22 polegada com uma entrada DVI e VGA Fêmea','PERIFÉRICOS',1),('a14e717f-a57a-40eb-b19c-50481ac81cc2','2024-09-17','FERRAMENTA',200,'NÃO IDENTIFICADO','Almoxarifado 014 - Arm. 1| P2','NÃO IDENTIFICADO','LACRE DE SEGURANÇA MALOTE','','NÃO SUB CATEGORIAS',NULL),('a62aab4e-7397-44b3-90be-41d4dd50ba16','2024-09-26','INFORMÁTICA',1,'AOC LCD MONITOR','Almoxarifado 014 - Fora de Armário','717FWY-1','MONITOR - USADO','Monitor usado - 17 polegada','PERIFÉRICOS',NULL),('a6383334-70aa-4fbb-a881-5b035669add7','2024-09-17','INFORMÁTICA',1,'DIAMONDMAX PLUS 9','Almoxarifado 014 - Arm. 1| P1','6Y060L0421001','HDD - 60 GB','HDD usado','ACESSÓRIOS',NULL),('a954691c-b57e-410f-b612-d9e1f37b9942','2024-09-26','INFORMÁTICA',1,'LIVA','Almoxarifado 014 - Fora de Armário','MINI PC LIVA','KIT DE REPOSIÇÃO LIN\'S 2024','Kit possui os seguintes itens:\r\n- Cabo Macho VGA para HDMI;\r\n- Monitor Model. E22705WN; e\r\n- Suporte.\r\n\r\n- Configuração Máquina:\r\n  - 1UN. HDD 500 GB | WD Blue | Model. WD5000LDCX - 00VHAT0;\r\n  -  Intel Dual Band Wireless-AC | Model. 3165NGW; e\r\n  - 2UN. Memória 4GB | Model. M54512NSE - CB3M2.','PEÇAS DE REPOSIÇÃO',NULL),('aa49288e-9f5b-499b-aa11-057d569af682','2024-11-13','INFORMÁTICA',1,'LASERJET','Almoxarifado 014 - Arm. 0 P1','H1132 MFO','IMPRESSORA USADA MANNA','Impressora doado pelo manna','EQUIPAMENTOS',NULL),('aaf158a0-1118-4ea5-904b-7127523bc299','2024-09-26','INFORMÁTICA',1,'LIVA','Almoxarifado 014 - Fora de Armário','MINI PC LIVA','KIT DE REPOSIÇÃO LIN\'S 2024','Kit possui os seguintes itens:\r\n- Cabo Macho VGA para HDMI;\r\n- Monitor Model. E22705WN; e\r\n- Suporte\r\n\r\n- Configuração Máquina:\r\n  - 1UN. HDD 500 GB | WD Blue | Model. WD5000LDCX - 00VHAT0;\r\n  -  Intel Dual Band Wireless-AC | Model. 3165NGW; e\r\n  - 2UN. Memória 4GB | Model. M54512NSE - CB3M2.','PEÇAS DE REPOSIÇÃO',NULL),('ad2caa17-c216-4541-8435-9a234fe27a18','2024-09-13','DESCARTE',1,'SONY','Almoxarifado 014 - Arm. 1| P1','VPL-ES5','PROJETOR','','NÃO A SUB CATEGORIAS',NULL),('b0ac342e-44df-4dec-a7a0-18fa8fdfea55','2024-11-06','MATERIAL DE CONSUMO',1,'GENÉRICO','Almoxarifado 014 - Fora de Armário','GENÉRICO','MANNA - MÁQUINA','Especificação:\r\n\r\nIntel Core i5\r\nPlaca mãe: Gigabyte H67M-D2-B3\r\n8GB memória DDR3\r\n1 TB  HD','ITEM USADO',NULL),('b43531d3-7cc1-4dc1-866d-dfc2d667576a','2024-09-18','MATERIAL PARA INSTALAÇÃO',1,'COIMBRA','Almoxarifado 014 - Arm. 1| P2','MOLA COIMBRA 453 - OURO','MOLA AUTOMÁTICA PARA PORTAS','Até 70 kg','OUTROS',NULL),('b59d6045-3277-4d85-93b3-13cd4440f8e1','2024-09-30','INFORMÁTICA',1,'SAMSUNG','Almoxarifado 014 - Fora de Armário','T190','MANNA - MONITOR','Monitor com 19 polegada com uma entrada DVI Fêmea e VGA Fêmea','PERIFÉRICOS',1),('b7528fb9-bcef-426c-865b-d0a8ee608bd5','2024-11-13','INFORMÁTICA',4,'GENÉRICO','Almoxarifado 014 - Arm. 0 P1','GENÉRICO','CAIXA DE SOM USADOS','','PERIFÉRICOS',NULL),('bcfecfd3-99b4-46b6-b7a0-0b33be191a12','2024-09-11','INFORMÁTICA',6,'LENOVO','Almoxarifado 014 - Arm. 4 | P2','NÃO POSSUI','KIT COMPLETO LENOVO 2024','O kit completo possui os seguintes itens:- 1 UN Cabo USB de impressora;- 1 UN Cabo de força 3 pinos;- 1 UN Mouse Pad LENOVO;- 1 UN Organizador de cabos;- 1 UN Antena de rede; e - 2 UN Manual de usuário.','ACESSÓRIOS',NULL),('bd3d5861-fb68-46c9-a29b-7752d7b731a8','2024-10-15','MATERIAL DE CONSUMO',1,'GENÉRICO','Almoxarifado 014 - Fora de Armário','GENÉRICO','MANNA - MÁQUINA','Esta máquina está identificada como ID : 6 porque não possui tombo e usaremos esse id para podermos identificá-los de outras máquinas.\r\n\r\nEspecificação: \r\n\r\nIntel Core 2 Duo\r\nPlaca mãe: CPU - DG31PR\r\nSem memória \r\nFonte Mtek KT-500RSmt 115/230V','ITEM USADO',1),('bdc98588-7a70-4497-85d1-058ea0b40af9','2024-09-18','MATERIAL PARA INSTALAÇÃO',1,'D-LINK','Almoxarifado 014 - Arm. 1| P2','AF1805-A','FONTE DE ALIMENTAÇÃO MODEM ROTEADOR','100-120 V ~ 0.4A','REDE',NULL),('bebade16-9a63-4414-9817-1d0c7a86822b','2024-09-26','INFORMÁTICA',1,'AOC LCD MONITOR','Almoxarifado 014 - Fora de Armário','717FWY-1','MONITOR - USADO','Monitor usado - 17 polegada','PERIFÉRICOS',NULL),('c0060fc3-db21-49f0-b848-38895c6d1cbb','2024-09-13','DESCARTE',1,'EPSON','Almoxarifado 014 - Arm. 1| P1','EMP-S5','PROJETOE','Trocar lâmpada, filtro e fazer limpeza','NÃO A SUB CATEGORIAS',NULL),('c16ad8dc-117d-480f-83ba-70eb2a00fe46','2024-09-26','INFORMÁTICA',1,'AOC LCD MONITOR','Almoxarifado 014 - Fora de Armário','717FWY-1','MONITOR - USADO','Monitor usado - 17 polegada','PERIFÉRICOS',NULL),('c3213252-5ef4-41fa-b001-fb7c354e54f3','2024-09-26','INFORMÁTICA',1,'AOC LCD MONITOR','Almoxarifado 014 - Fora de Armário','717FWY-1','MONITOR - USADO','Monitor usado - 17 polegada','PERIFÉRICOS',NULL),('c39e3d16-d056-4b5d-a823-cc5cbee9aaf3','2024-11-06','MATERIAL DE CONSUMO',1,'GENÉRICO','Almoxarifado 014 - Fora de Armário','GENÉRICO','MANNA - MÁQUINA','Esta máquina está identificada como ID : 7 porque não possui tombo e usaremos esse id para podermos identificá-los de outras máquinas.\r\n\r\nEspecificação: \r\n\r\nIntel Celeron D\r\nPlaca mãe: Gigabyte GA - 8VT800\r\nFonte Advanced FX - 400 Atx - LPJ2 - 18 115/230V','ITEM USADO',NULL),('c541662c-cd27-480d-885c-d3707037bfb5','2024-09-30','INFORMÁTICA',1,'AOC LCD MONITOR','Almoxarifado 014 - Fora de Armário','F19L','MANNA - MONITOR','Monitor com 19 polegada com uma entrada DVI Fêmea e VGA Fêmea \r\n\r\nNão há suporte.','PERIFÉRICOS',NULL),('c581b2d8-3bff-47d6-853f-34a22c2345a3','2024-09-18','INFORMÁTICA',1,'WESTERN DIGITAL','Almoxarifado 014 - Arm. 1| P1','WD10EARS','HDD - 1000 GB','HDD usado','ACESSÓRIOS',NULL),('c597803b-0863-4881-8647-5ea98cf598c3','2024-09-18','MATERIAL DE CONSUMO',1,'HP','Almoxarifado 014 - Arm. 1| P2','CN46TC70CG','CÂMERA FOTOGRÁFICA','','ITEM USADO',NULL),('c5bd81e4-7167-4351-b5db-81d670a6c173','2024-09-30','INFORMÁTICA',1,'SAMSUNG','Almoxarifado 014 - Fora de Armário','S22A300B','MANNA - MONITOR','Monitor de 22 Polegada com uma entrada DVI e VGA Fêmea','PERIFÉRICOS',1),('c71fb161-bf68-498c-a641-0dcd3120331f','2024-09-26','INFORMÁTICA',1,'AOC LCD MONITOR','Almoxarifado 014 - Fora de Armário','717FWY-1','MONITOR - USADO','Monitor usado - 17 polegada','PERIFÉRICOS',NULL),('cae92b59-da10-4362-b137-3164dfeb8ba6','2024-09-17','MATERIAL PARA INSTALAÇÃO',1,'EPSON','Almoxarifado 014 - Arm. 1| P2','X24','LÂMPADA DE PROJETOR','','ELÉTRICAS',NULL),('d0f54a26-2ddc-43b9-9660-ac0326e14a10','2024-09-26','INFORMÁTICA',1,'LIVA','Almoxarifado 014 - Fora de Armário','MINI PC LIVA','KIT DE REPOSIÇÃO LIN\'S 2024','Kit possui os seguintes itens:\r\n- Cabo Macho VGA para HDMI;\r\n- Monitor Model. E22705WN; e\r\n- Suporte.\r\n\r\n- Configuração Máquina:\r\n  - 1UN. HDD 500 GB | WD Blue | Model. WD5000LDCX - 00VHAT0;\r\n  -  Intel Dual Band Wireless-AC | Model. 3165NGW; e\r\n  - 2UN. Memória 4GB | Model. M54512NSE - CB3M2.','PEÇAS DE REPOSIÇÃO',NULL),('d1cf4978-c12b-4d60-83a8-adb9135598ee','2024-09-13','MATERIAL PARA INSTALAÇÃO',2,'SEM ESPECIFICAÇÃO','Almoxarifado 014 - Arm. 1| P1','SEM ESPECIFICAÇÃO','SUPORTE DE FIXAÇÃO DE MÁQUINA SUPERA','Suporte usado para fixação de máquinas Supera dentro dos laborátorios','OUTROS',NULL),('d37aa0b3-312f-41ed-8bc5-90ef2bb969d5','2024-09-30','INFORMÁTICA',1,'SAMSUNG','Almoxarifado 014 - Fora de Armário','933SNPLUS','MANNA - MONITOR','Monitor com 18,5 polegadas com uma entrada VGA Fêmea','PERIFÉRICOS',1),('d493c0c2-5584-4146-a2c7-d99b5387f057','2024-09-26','INFORMÁTICA',1,'AOC LCD MONITOR','Almoxarifado 014 - Fora de Armário','717FWY-1','MONITOR - USADO','Monitor usado - 17 polegada','PERIFÉRICOS',NULL),('d5f98810-a72b-4acd-987b-c18af409d2be','2024-10-15','MATERIAL DE CONSUMO',1,'GENÉRICO','Almoxarifado 014 - Fora de Armário','GENÉRICO','MANNA - MÁQUINA','Especificação: \r\n\r\nIntel Core 2 Duo\r\nPlaca mãe: Intel Ices -003\r\nDDR2 - 4 GB\r\nHD 320 GB Samsung model. HD322HJ \r\nfonte de alimentação: Mtek model. Atx - 650 psl','ITEM USADO',1),('d6ec0a39-7647-4544-914b-07efc675862e','2024-09-26','INFORMÁTICA',1,'AOC LCD MONITOR','Almoxarifado 014 - Fora de Armário','717FWY-1','MONITOR - USADO','Monitor usado - 17 polegada','PERIFÉRICOS',NULL),('d7d91b8b-7527-4e33-976d-ce5889ca2bfd','2024-09-26','INFORMÁTICA',1,'LIVA','Almoxarifado 014 - Fora de Armário','MINI PC LIVA','KIT DE REPOSIÇÃO LIN\'S 2024','Kit possui os seguintes itens:\r\n- Cabo Macho VGA para HDMI;\r\n- Monitor Model. E22705WN; e\r\n- Suporte.\r\n\r\n- Configuração Máquina:\r\n  - 1UN. HDD 500 GB | WD Blue | Model. WD5000LDCX - 00VHAT0;\r\n  -  Intel Dual Band Wireless-AC | Model. 3165NGW; e\r\n  - 2UN. Memória 4GB | Model. M54512NSE - CB3M2.','PEÇAS DE REPOSIÇÃO',NULL),('d97f0ff9-068b-4153-b3b3-7fff416764ba','2024-09-30','INFORMÁTICA',1,'LG','Almoxarifado 014 - Fora de Armário','L1752SQ','MANNA - MONITOR','Monitor com 17 polegada com uma entrada VGA Fêmea','PERIFÉRICOS',NULL),('d9b52cbc-3c4f-435a-ac24-0ac2966e245b','2024-09-26','INFORMÁTICA',1,'AOC LCD MONITOR','Almoxarifado 014 - Fora de Armário','717FWY-1','MONITOR - USADO','Monitor usado - 17 polegada','PERIFÉRICOS',NULL),('da773c7f-086a-4b09-b5c4-3248118e08c6','2024-09-30','INFORMÁTICA',1,'SAMSUNG','Almoxarifado 014 - Fora de Armário','S22A300B','MANNA - MONITOR','Monitor 22 polegada com uma entrada DVI e VGA Fêmea','PERIFÉRICOS',1),('db21c7d3-5e6a-4153-ae7c-a58662ed1bfe','2024-09-26','INFORMÁTICA',1,'LIVA','Almoxarifado 014 - Fora de Armário','MINI PC LIVA','KIT DE REPOSIÇÃO LIN\'S 2024','Kit possui os seguintes itens:\r\n- Cabo Macho VGA para HDMI;\r\n- Monitor Model. E22705WN; e\r\n- Suporte.\r\n\r\n- Configuração Máquina:\r\n  - 1UN. HDD 500 GB | WD Blue | Model. WD5000LDCX - 00VHAT0;\r\n  -  Intel Dual Band Wireless-AC | Model. 3165NGW; e\r\n  - 2UN. Memória 4GB | Model. M54512NSE - CB3M2.','PEÇAS DE REPOSIÇÃO',NULL),('dcf83f10-d9c1-47fd-b4f0-fd6402d9e7a0','2024-09-11','INFORMÁTICA',28,'LENOVO','Almoxarifado 014 - Arm. 0 | P2','NÃO POSSUI','KIT COMPLETO LENOVO 2024','O kit completo possui os seguintes itens:\r\n- 1 UN Cabo USB de impressora;\r\n- 1 UN Cabo de força 3 pinos;\r\n- 1 UN Mouse Pad LENOVO;\r\n- 1 UN Organizador de cabos;\r\n- 1 UN Antena de rede; e\r\n- 2 UN Manual de usuário.','ACESSÓRIOS',NULL),('dd24c981-cbd9-407b-a6b5-9c1b08a15ba9','2024-09-17','INFORMÁTICA',1,'SEAGATE BARRACUDA 7200.7','Almoxarifado 014 - Arm. 1| P1','ST380013AS','HDD - 80 GB','HDD usado','ACESSÓRIOS',NULL),('de3d51b5-ba36-47af-9bce-5fa2bf01bcb1','2024-09-17','INFORMÁTICA',1,'WESTERN DIGITAL','Almoxarifado 014 - Arm. 1| P1','WD5000AAKS - 00UU3A0','HDD - 500 GB','HD usado','PERIFÉRICOS',NULL),('dfb2f02a-bfa5-45ca-96b2-b8d35c5be6e0','2024-09-13','DESCARTE',1,'SONY','Almoxarifado 014 - Arm. 1| P1','H368A','PROJETOR','Não funcionando','NÃO A SUB CATEGORIAS',NULL),('e25661c9-b645-48bc-a83a-0b8a66c678ec','2024-09-17','INFORMÁTICA',1,'SEAGATE BARRACUDA 7200.10','Almoxarifado 014 - Arm. 1| P1','ST3250310AS','HDD - 250 GB','HDD usado','ACESSÓRIOS',NULL),('e36f1644-3ea4-48ad-938f-1a6208546f8d','2024-09-17','MATERIAL PARA INSTALAÇÃO',1,'NÃO IDENTIFICADA','Almoxarifado 014 - Arm. 1| P2','E180','LÂMPADA DE PROJETOR','Com defeito','ELÉTRICAS',NULL),('e60afc96-a67e-499a-8010-6070310860c9','2024-09-30','INFORMÁTICA',1,'SAMSUNG','Almoxarifado 014 - Fora de Armário','S22A300B','MANNA - MONITOR','COM DEFEITO\r\n\r\nMonitor 22 polegada com uma entrada DVI e VGA Fêmea','PERIFÉRICOS',1),('e8b0ec8d-37d9-47eb-a2a5-f6c3385d234b','2024-09-13','INFORMÁTICA',1,'HL- DATA STORAGE','Almoxarifado 014 - Arm. 1| P1','DH10N','DVD-ROM DRIVE','Trocar correia\r\nServidor - Sala 234 - Anderson','ACESSÓRIOS',NULL),('eabd3a3f-4c50-48c3-8db4-2dbb15b3c10b','2024-09-30','INFORMÁTICA',1,'SAMSUNG','Almoxarifado 014 - Fora de Armário','S22A300B','MANNA - MONITOR','Monitor com 22 polegada com uma entrada DVI Fêmea e VGA Fêmea','PERIFÉRICOS',NULL),('ec2bcb06-eb1a-4fff-b7ab-27964f01aed0','2024-09-17','INFORMÁTICA',1,'DIAMONDMAX 10','Almoxarifado 014 - Arm. 1| P1','6V200E0','HDD - 200 GB','HDD usado','ACESSÓRIOS',NULL),('ec5a54eb-a094-45ac-9860-34e658ad2102','2024-09-26','INFORMÁTICA',1,'LIVA','Almoxarifado 014 - Fora de Armário','MINI PC LIVA','KIT DE REPOSIÇÃO LIN\'S 2024','Kit possui os seguintes itens:\r\n- Cabo Macho VGA para HDMI;\r\n- Monitor Model. E22705WN (Está desligando); e\r\n- Suporte.\r\n\r\n- Configuração Máquina:\r\n  - 1UN. HDD 500 GB | WD Blue | Model. WD5000LDCX - 00VHAT0;\r\n  -  Intel Dual Band Wireless-AC | Model. 3165NGW; e\r\n  - 2UN. Memória 4GB | Model. M54512NSE - CB3M2.','PEÇAS DE REPOSIÇÃO',NULL),('eca2910a-b078-4ba7-beb3-c8d2294ad4fa','2024-09-26','INFORMÁTICA',1,'AOC LCD MONITOR','Almoxarifado 014 - Fora de Armário','717FWY-1','MONITOR - USADO','Monitor usado - 17 polegada','PERIFÉRICOS',NULL),('ee5c5d79-6b8f-43ef-b3b1-62e2e279fee7','2024-09-30','INFORMÁTICA',1,'SAMSUNG','Almoxarifado 014 - Fora de Armário','S22A300B','MANNA - MONITOR','Monitor com 22 polegada com uma entrada DVI Fêmea e VGA Fêmea','PERIFÉRICOS',NULL),('ef2c8927-f674-4b9c-9f81-285ef6e78847','2024-09-30','INFORMÁTICA',3,'LG','Almoxarifado 014 - Fora de Armário','L15NS - 7','MANNA - MONITOR','Monitor com 15 polegadas com uma entrada VGA Fêmea','PERIFÉRICOS',NULL),('f2483459-9e5c-4fc2-8252-98cd789e5823','2024-11-06','MATERIAL DE CONSUMO',1,'GENÉRICO','Almoxarifado 014 - Fora de Armário','GENÉRICO','MANNA - MÁQUINA','Especificação: \r\n\r\nIntel i5 Core \r\nPlaca mãe: Gigabyte GA - H67M - D2 - B3\r\nDDR3 4GB Memória\r\nHD 1 TB Samsung HD1035J\r\nFonte Tech PVF - 40505 115/230V','ITEM USADO',NULL),('f3bce3f5-a3e5-4a89-a387-f9e101012933','2024-09-17','MATERIAL PARA INSTALAÇÃO',2,'TP-LINK','Almoxarifado 014 - Arm. 1| P2','NC220','CÂMERA CLOUD','Câmera cloud com visão noturna, 300Mbps WI-FI','OUTROS',NULL),('f40733c7-97b5-4d14-b7f8-dec787794adb','2024-09-13','DESCARTE',1,'SONY','Almoxarifado 014 - Arm. 1| P1','VPL-EX175','PROJETOR','','NÃO A SUB CATEGORIAS',NULL),('f6310b2a-5270-4d34-a1dd-f5b77de89d81','2024-09-17','INFORMÁTICA',2,'DIAMONDMAX PLUS 9','Almoxarifado 014 - Arm. 1| P1','6Y080L0422611','HDD - 80 GB','HDD\'s usados','ACESSÓRIOS',NULL),('f97f3faa-a2d8-4ad1-aaa2-1f74d782ab88','2024-09-30','INFORMÁTICA',1,'SAMSUNG','Almoxarifado 014 - Fora de Armário','GH15LS','MANNA - MONITOR','Monitor com 15 polegada com uma entrada VGA Fêmea','PERIFÉRICOS',1),('f982fbba-1666-4fc4-896a-f9edf6e0ac9a','2024-11-13','INFORMÁTICA',1,'GENÉRICO','Almoxarifado 014 - Fora de Armário','GENÉRICO','CAIXA DE SUPORTES','','ACESSÓRIOS',NULL),('fa1cf7dd-b7bd-44e8-9044-ea71e25e99df','2024-09-26','INFORMÁTICA',1,'AOC LCD MONITOR','Almoxarifado 014 - Fora de Armário','717FWY-1','MONITOR - USADO','Monitor usado - 17 polegada','PERIFÉRICOS',NULL),('fb004856-b67c-47f2-8385-91830eb2c726','2024-09-30','INFORMÁTICA',1,'LG','Almoxarifado 014 - Fora de Armário','L192WS','MANNA - MONITOR','Monitor com 19 polegada com entrada VGA Fêmea','PERIFÉRICOS',NULL),('fbed6c7d-c34b-4487-b110-f52a6bf43e5c','2024-09-26','INFORMÁTICA',1,'LIVA','Almoxarifado 014 - Fora de Armário','MINI PC LIVA','KIT DE REPOSIÇÃO LIN\'S 2024','Kit possui os seguintes itens:\r\n- Cabo Macho VGA para HDMI;\r\n- Monitor Model. E22705WN; e\r\n- Suporte.\r\n\r\n- Configuração Máquina:\r\n  - 1UN. HDD 500 GB | WD Blue | Model. WD5000LDCX - 00VHAT0;\r\n  -  Intel Dual Band Wireless-AC | Model. 3165NGW; e\r\n  - 2UN. Memória 4GB | Model. M54512NSE - CB3M2.','PEÇAS DE REPOSIÇÃO',NULL),('fe0d0c50-b906-43d6-aecb-bd6968b64950','2024-09-26','INFORMÁTICA',1,'AOC LCD MONITOR','Almoxarifado 014 - Fora de Armário','717FWY-1','MONITOR - USADO','Monitor usado - 17 polegada','PERIFÉRICOS',NULL);
/*!40000 ALTER TABLE `items_items` ENABLE KEYS */;
UNLOCK TABLES;

--
-- Table structure for table `items_itemsauditlog`
--

DROP TABLE IF EXISTS `items_itemsauditlog`;
/*!40101 SET @saved_cs_client     = @@character_set_client */;
/*!50503 SET character_set_client = utf8mb4 */;
CREATE TABLE `items_itemsauditlog` (
  `id` bigint NOT NULL AUTO_INCREMENT,
  `action` varchar(50) NOT NULL,
  `timestamp` datetime(6) NOT NULL,
  `user_id` int DEFAULT NULL,
  `item_id` varchar(36) DEFAULT NULL,
  `observation` varchar(300) NOT NULL,
  `changes` longtext NOT NULL DEFAULT (_utf8mb3''),
  `item_deletado` varchar(300) NOT NULL,
  PRIMARY KEY (`id`),
  KEY `items_itemsauditlog_user_id_067da718_fk_auth_user_id` (`user_id`),
  KEY `items_itemsauditlog_item_id_e27abb97_fk` (`item_id`),
  CONSTRAINT `items_itemsauditlog_item_id_e27abb97_fk` FOREIGN KEY (`item_id`) REFERENCES `items_items` (`id`),
  CONSTRAINT `items_itemsauditlog_user_id_067da718_fk_auth_user_id` FOREIGN KEY (`user_id`) REFERENCES `auth_user` (`id`)
) ENGINE=InnoDB AUTO_INCREMENT=295 DEFAULT CHARSET=utf8mb4 COLLATE=utf8mb4_0900_ai_ci;
/*!40101 SET character_set_client = @saved_cs_client */;

--
-- Dumping data for table `items_itemsauditlog`
--

LOCK TABLES `items_itemsauditlog` WRITE;
/*!40000 ALTER TABLE `items_itemsauditlog` DISABLE KEYS */;
INSERT INTO `items_itemsauditlog` VALUES (1,'Deletado','2024-09-09 13:09:06.781311',1,NULL,'Item \'MONITOR\' deletado.','{\"item_deleted\": true}','MONITOR'),(2,'Deletado','2024-09-09 13:09:18.538320',1,NULL,'Item \'MONITOR\' deletado.','{\"item_deleted\": true}','MONITOR'),(3,'Deletado','2024-09-09 13:11:58.851421',1,NULL,'Item \'MONITOR\' deletado.','{\"item_deleted\": true}','MONITOR'),(4,'Deletado','2024-09-09 13:12:01.725929',1,NULL,'Item \'MONITOR\' deletado.','{\"item_deleted\": true}','MONITOR'),(5,'Criado','2024-09-09 13:36:32.891466',NULL,NULL,'Item \'MONITOR13\' criado.','{\n  \"id\": {\n    \"old\": null,\n    \"new\": 12\n  },\n  \"name\": {\n    \"old\": null,\n    \"new\": \"MONITOR13\"\n  },\n  \"brand\": {\n    \"old\": null,\n    \"new\": \"SONY\"\n  },\n  \"model\": {\n    \"old\": null,\n    \"new\": \"TESTE\"\n  },\n  \"location\": {\n    \"old\": null,\n    \"new\": \"ALMOXARIFADO\"\n  },\n  \"category\": {\n    \"old\": null,\n    \"new\": \"FERRAMENTA\"\n  },\n  \"sub_category\": {\n    \"old\": null,\n    \"new\": \"NÃO SUB CATEGORIAS\"\n  },\n  \"quantity\": {\n    \"old\": null,\n    \"new\": 10\n  },\n  \"create_at\": {\n    \"old\": null,\n    \"new\": \"2024-09-09\"\n  },\n  \"finished_at\": {\n    \"old\": null,\n    \"new\": null\n  },\n  \"locality\": {\n    \"old\": null,\n    \"new\": \"\"\n  },\n  \"observation\": {\n    \"old\": null,\n    \"new\": \"\"\n  },\n  \"modified_by\": {\n    \"old\": null,\n    \"new\": null\n  }\n}','MONITOR13'),(6,'Deletado','2024-09-10 11:19:24.479862',1,NULL,'Item \'MONITOR\' deletado.','{\"item_deleted\": true}','MONITOR'),(7,'Criado','2024-09-10 12:27:23.404392',NULL,NULL,'Item \'MONITOR13\' criado.','{\n  \"id\": {\n    \"old\": null,\n    \"new\": 16\n  },\n  \"name\": {\n    \"old\": null,\n    \"new\": \"MONITOR13\"\n  },\n  \"brand\": {\n    \"old\": null,\n    \"new\": \"SONY\"\n  },\n  \"model\": {\n    \"old\": null,\n    \"new\": \"TESTE\"\n  },\n  \"location\": {\n    \"old\": null,\n    \"new\": \"ALMOXARIFADO\"\n  },\n  \"category\": {\n    \"old\": null,\n    \"new\": \"MATERIAL PARA INSTALAÇÃO\"\n  },\n  \"sub_category\": {\n    \"old\": null,\n    \"new\": \"ELÉTRICAS\"\n  },\n  \"quantity\": {\n    \"old\": null,\n    \"new\": 10\n  },\n  \"create_at\": {\n    \"old\": null,\n    \"new\": \"2024-09-10\"\n  },\n  \"finished_at\": {\n    \"old\": null,\n    \"new\": null\n  },\n  \"locality\": {\n    \"old\": null,\n    \"new\": \"\"\n  },\n  \"observation\": {\n    \"old\": null,\n    \"new\": \"\"\n  },\n  \"modified_by\": {\n    \"old\": null,\n    \"new\": null\n  }\n}','MONITOR13'),(8,'Criado','2024-09-10 13:43:50.342783',1,NULL,'Item \'MÁQUINA\' criado.','','MÁQUINA'),(9,'Editado','2024-09-10 13:46:57.155603',1,NULL,'Item \'MONITOR LED\' editado.','','MONITOR LED'),(10,'Retirado: 3 UN','2024-09-10 13:47:22.661819',1,NULL,'Quantidade do item \'MONITOR13\' reduzida de 10 para 7.','','MONITOR13'),(11,'Retirado: 3 UN','2024-09-10 13:48:17.252775',1,NULL,'Quantidade do item \'MONITOR13\' reduzida de 7 para 4.','','MONITOR13'),(12,'Deletado','2024-09-10 13:55:50.308766',1,NULL,'Item \'MONITOR LED\' deletado.','{\"item_deleted\": true}','MONITOR LED'),(13,'Deletado','2024-09-10 13:55:53.600973',1,NULL,'Item \'MONITOR13\' deletado.','{\"item_deleted\": true}','MONITOR13'),(14,'Deletado','2024-09-10 13:55:56.332285',1,NULL,'Item \'MÁQUINA\' deletado.','{\"item_deleted\": true}','MÁQUINA'),(15,'Deletado','2024-09-10 13:55:59.513354',1,NULL,'Item \'MONITOR\' deletado.','{\"item_deleted\": true}','MONITOR'),(16,'Deletado','2024-09-10 13:56:03.045599',1,NULL,'Item \'MONITOR13\' deletado.','{\"item_deleted\": true}','MONITOR13'),(17,'Deletado','2024-09-10 13:56:06.276452',1,NULL,'Item \'MONITOR13\' deletado.','{\"item_deleted\": true}','MONITOR13'),(18,'Deletado','2024-09-10 13:56:09.682432',1,NULL,'Item \'MONITOR13\' deletado.','{\"item_deleted\": true}','MONITOR13'),(19,'Deletado','2024-09-10 13:56:12.788323',1,NULL,'Item \'MONITOR13\' deletado.','{\"item_deleted\": true}','MONITOR13'),(20,'Deletado','2024-09-10 13:56:15.548361',1,NULL,'Item \'MONITOR13\' deletado.','{\"item_deleted\": true}','MONITOR13'),(21,'Deletado','2024-09-10 13:56:18.533054',1,NULL,'Item \'MONITOR13\' deletado.','{\"item_deleted\": true}','MONITOR13'),(22,'Deletado','2024-09-10 13:56:21.534712',1,NULL,'Item \'MONITOR13\' deletado.','{\"item_deleted\": true}','MONITOR13'),(23,'Deletado','2024-09-10 13:56:24.291224',1,NULL,'Item \'MONITOR13\' deletado.','{\"item_deleted\": true}','MONITOR13'),(24,'Criado','2024-09-10 14:25:18.102877',1,NULL,'Item \'MÁQUINA\' criado.','','MÁQUINA'),(25,'Criado','2024-09-10 14:28:35.513132',1,NULL,'Item \'MÁQUINA3\' criado.','','MÁQUINA3'),(26,'Criado','2024-09-11 12:11:16.768102',1,NULL,'Item \'MÁQUINA3\' criado.','','MÁQUINA3'),(27,'Deletado','2024-09-11 13:56:43.586438',1,NULL,'Item \'MÁQUINA3\' deletado.','{\"item_deleted\": true}','MÁQUINA3'),(28,'Deletado','2024-09-11 13:56:48.848339',1,NULL,'Item \'MÁQUINA3\' deletado.','{\"item_deleted\": true}','MÁQUINA3'),(29,'Deletado','2024-09-11 13:56:53.679522',1,NULL,'Item \'MÁQUINA\' deletado.','{\"item_deleted\": true}','MÁQUINA'),(30,'Criado','2024-09-11 14:35:30.055099',1,'25d50ee6-9872-4663-981e-7d00cb073605','Item \'KIT COMPLETO LENOVO 2024\' criado.','','KIT COMPLETO LENOVO 2024'),(31,'Criado','2024-09-11 14:43:28.128039',1,'dcf83f10-d9c1-47fd-b4f0-fd6402d9e7a0','Item \'KIT COMPLETO LENOVO 2024\' criado.','','KIT COMPLETO LENOVO 2024'),(32,'Criado','2024-09-11 14:52:49.865455',1,'bcfecfd3-99b4-46b6-b7a0-0b33be191a12','Item \'KIT COMPLETO LENOVO 2024\' criado.','','KIT COMPLETO LENOVO 2024'),(33,'Criado','2024-09-11 14:54:12.623083',1,'7b7ed23f-0cc5-412d-993f-ec7455f280d5','Item \'KIT INCOMPLETO LENOVO 2024\' criado.','','KIT INCOMPLETO LENOVO 2024'),(34,'Retirado: 22 UN','2024-09-11 14:54:47.421477',1,'bcfecfd3-99b4-46b6-b7a0-0b33be191a12','Quantidade do item \'KIT COMPLETO LENOVO 2024\' reduzida de 28 para 6.','','KIT COMPLETO LENOVO 2024'),(35,'Criado','2024-09-13 13:31:41.906693',1,'1d897fab-0364-46d0-b8ac-8a8d4807db12','Item \'PROJETOR\' criado.','','PROJETOR'),(36,'Criado','2024-09-13 13:32:55.726304',1,'0435bf3b-818e-4642-902f-67bf992a4d1c','Item \'PROJETOR\' criado.','','PROJETOR'),(37,'Editado','2024-09-13 13:33:27.464692',1,'1d897fab-0364-46d0-b8ac-8a8d4807db12','Item \'PROJETOR\' editado.','','PROJETOR'),(38,'Criado','2024-09-13 13:34:34.441762',1,'dfb2f02a-bfa5-45ca-96b2-b8d35c5be6e0','Item \'PROJETOR\' criado.','','PROJETOR'),(39,'Criado','2024-09-13 13:35:53.762648',1,'6cd8eb5b-1e46-4aa5-bd8e-22e699615483','Item \'PROJETOR\' criado.','','PROJETOR'),(40,'Criado','2024-09-13 13:37:06.124544',1,'f40733c7-97b5-4d14-b7f8-dec787794adb','Item \'PROJETOR\' criado.','','PROJETOR'),(41,'Criado','2024-09-13 13:38:04.297838',1,'ad2caa17-c216-4541-8435-9a234fe27a18','Item \'PROJETOR\' criado.','','PROJETOR'),(42,'Criado','2024-09-13 13:48:19.198380',1,NULL,'Item \'MÁQUINA\' criado.','','MÁQUINA'),(43,'Criado','2024-09-13 13:55:22.156184',1,'d1cf4978-c12b-4d60-83a8-adb9135598ee','Item \'SUPORTE DE FIXAÇÃO DE MÁQUINA SUPERA\' criado.','','SUPORTE DE FIXAÇÃO DE MÁQUINA SUPERA'),(44,'Criado','2024-09-13 13:56:23.230185',1,NULL,'Item \'PROJETOR\' criado.','','PROJETOR'),(45,'Deletado','2024-09-13 13:59:28.253218',1,NULL,'Item \'PROJETOR\' deletado.','{\"item_deleted\": true}','PROJETOR'),(46,'Criado','2024-09-13 13:59:47.115095',1,'3bb1d460-4820-434b-bbdd-4b7552f2439d','Item \'PROJETOR\' criado.','','PROJETOR'),(47,'Criado','2024-09-13 14:01:11.862692',1,'54ba3b64-4eb3-4732-9dfd-191b60781dfc','Item \'PROJETOR\' criado.','','PROJETOR'),(48,'Criado','2024-09-13 14:02:22.299678',1,'36b586fb-2d88-44ab-8fef-56e3d8b39c19','Item \'PROJETOR\' criado.','','PROJETOR'),(49,'Editado','2024-09-13 14:10:32.397755',1,NULL,'Item \'MÁQUINA\' editado.','','MÁQUINA'),(50,'Criado','2024-09-13 14:14:07.612288',1,'6f6b0a34-eb45-45f8-b377-ea67d982fc9b','Item \'TECLADO DESKTOP\' criado.','','TECLADO DESKTOP'),(51,'Criado','2024-09-13 14:17:48.564894',1,'c0060fc3-db21-49f0-b848-38895c6d1cbb','Item \'PROJETOE\' criado.','','PROJETOE'),(52,'Criado','2024-09-13 14:20:40.813328',1,'61eaaeb0-7c71-4cd2-9f3a-d7444bda7031','Item \'DVD / CD WRITER\' criado.','','DVD / CD WRITER'),(53,'Criado','2024-09-13 14:21:53.869975',1,'46a517d4-98a3-4cf7-b2d1-1aba8139ee22','Item \'DVD REWRITER\' criado.','','DVD REWRITER'),(54,'Criado','2024-09-13 14:22:35.869295',1,'524477b7-e57d-45ee-90e1-15fbe3fa8777','Item \'DVD REWRITER\' criado.','','DVD REWRITER'),(55,'Criado','2024-09-13 14:23:49.562530',1,'2ae4ff65-d73e-4744-a0fd-d1074eb2d68e','Item \'DVD WRITER\' criado.','','DVD WRITER'),(56,'Criado','2024-09-13 14:27:34.827307',1,'e8b0ec8d-37d9-47eb-a2a5-f6c3385d234b','Item \'DVD-ROM DRIVE\' criado.','','DVD-ROM DRIVE'),(57,'Criado','2024-09-13 14:28:30.327378',1,'7efbd5eb-c0d5-4b4f-8827-591e8378365f','Item \'PROJETOR\' criado.','','PROJETOR'),(58,'Criado','2024-09-13 14:29:04.562284',1,'87ceb63d-5c32-4c09-a6c1-b8a786dab102','Item \'PROJETOR\' criado.','','PROJETOR'),(59,'Criado','2024-09-13 14:42:01.912551',1,'0dafb06d-3139-4d5b-a32c-158123f1cc3d','Item \'PROJETOR\' criado.','','PROJETOR'),(60,'Deletado','2024-09-16 18:31:11.031969',1,NULL,'Item \'MÁQUINA\' deletado.','{\"item_deleted\": true}','MÁQUINA'),(61,'Criado','2024-09-17 17:32:37.111362',1,'7639880f-25cb-4910-8363-fa837f70e17f','Item \'MÁQUINA ANTIGA LIN\' criado.','','MÁQUINA ANTIGA LIN'),(62,'Criado','2024-09-17 17:33:09.039495',1,'6f0477f7-0865-4c2e-b64f-3b3e3f011635','Item \'MÁQUINA ANTIGA LIN\' criado.','','MÁQUINA ANTIGA LIN'),(63,'Criado','2024-09-17 17:42:58.387296',1,'7a7840ca-d3d4-437d-a841-cb3371865020','Item \'HDD - 500 GB\' criado.','','HDD - 500 GB'),(64,'Criado','2024-09-17 17:44:58.078012',1,NULL,'Item \'HDD - 1000 GB\' criado.','','HDD - 1000 GB'),(65,'Criado','2024-09-17 17:46:19.206642',1,'ec2bcb06-eb1a-4fff-b7ab-27964f01aed0','Item \'HDD - 200 GB\' criado.','','HDD - 200 GB'),(66,'Editado','2024-09-17 17:46:48.773679',1,'ec2bcb06-eb1a-4fff-b7ab-27964f01aed0','Item \'HDD - 200 GB\' editado.','','HDD - 200 GB'),(67,'Criado','2024-09-17 17:50:18.856361',1,'dd24c981-cbd9-407b-a6b5-9c1b08a15ba9','Item \'HDD - 80 GB\' criado.','','HDD - 80 GB'),(68,'Criado','2024-09-17 17:51:41.858202',1,'de3d51b5-ba36-47af-9bce-5fa2bf01bcb1','Item \'HDD - 500 GB\' criado.','','HDD - 500 GB'),(69,'Criado','2024-09-17 17:53:44.764594',1,'a6383334-70aa-4fbb-a881-5b035669add7','Item \'HDD - 60 GB\' criado.','','HDD - 60 GB'),(70,'Criado','2024-09-17 17:54:50.175014',1,'f6310b2a-5270-4d34-a1dd-f5b77de89d81','Item \'HDD - 80 GB\' criado.','','HDD - 80 GB'),(71,'Criado','2024-09-17 17:55:57.239285',1,'313e4153-7797-4669-a626-d524944138db','Item \'HDD - 250 GB\' criado.','','HDD - 250 GB'),(72,'Criado','2024-09-17 17:57:17.075932',1,'62ecd6b9-4cac-4df5-8f7f-49d2aaabc462','Item \'HDD - 40 GB\' criado.','','HDD - 40 GB'),(73,'Criado','2024-09-17 17:58:04.927214',1,'5abdf34e-6473-4ce0-b0b8-f8d85afb22c8','Item \'HDD - 40 GB\' criado.','','HDD - 40 GB'),(74,'Editado','2024-09-17 17:59:01.981129',1,'5abdf34e-6473-4ce0-b0b8-f8d85afb22c8','Item \'HDD - 40 GB\' editado.','','HDD - 40 GB'),(75,'Criado','2024-09-17 18:00:15.281051',1,'12e1fdac-8afb-4894-84da-561c0ae49eba','Item \'HDD - 20 GB\' criado.','','HDD - 20 GB'),(76,'Criado','2024-09-17 18:01:02.527399',1,'22cdc004-17d9-4d81-a717-f99c785d0e07','Item \'HDD - 80 GB\' criado.','','HDD - 80 GB'),(77,'Criado','2024-09-17 18:01:58.591083',1,'24795abf-3374-4b13-90a6-141172b1ab04','Item \'HDD - 160 GB\' criado.','','HDD - 160 GB'),(78,'Criado','2024-09-17 18:02:39.765499',1,'4e432a3f-b3e9-4463-9839-64de6a4c73ae','Item \'HDD - 250 GB\' criado.','','HDD - 250 GB'),(79,'Criado','2024-09-17 18:03:29.154220',1,'9d50b5dc-499a-422d-bbb4-6a420a271483','Item \'HDD - 160 GB\' criado.','','HDD - 160 GB'),(80,'Criado','2024-09-17 18:04:22.233000',1,'6ce25afc-8fc7-42e0-bf88-f15b5c9cd579','Item \'HDD - 160 GB\' criado.','','HDD - 160 GB'),(81,'Criado','2024-09-17 18:04:55.265392',1,'2c856073-2749-4ce9-83ce-8b3e78dad36a','Item \'HDD - 500 GB\' criado.','','HDD - 500 GB'),(82,'Criado','2024-09-17 18:05:41.919922',1,'e25661c9-b645-48bc-a83a-0b8a66c678ec','Item \'HDD - 250 GB\' criado.','','HDD - 250 GB'),(83,'Criado','2024-09-17 18:06:25.025862',1,'704f3fd1-8d19-444b-91af-e925186d5b80','Item \'HDD - 160 GB\' criado.','','HDD - 160 GB'),(84,'Editado','2024-09-17 18:07:18.381724',1,'704f3fd1-8d19-444b-91af-e925186d5b80','Item \'HDD - 160 GB\' editado.','','HDD - 160 GB'),(85,'Criado','2024-09-17 18:08:12.993681',1,'50f8992e-da24-4956-8cc5-5ca12819939f','Item \'HDD - 500 GB\' criado.','','HDD - 500 GB'),(86,'Criado','2024-09-17 18:11:22.375691',1,'819cd4c6-9b57-4efd-a901-568d3cb0c857','Item \'HDD - 40 GB\' criado.','','HDD - 40 GB'),(87,'Criado','2024-09-17 18:18:05.273611',1,'f3bce3f5-a3e5-4a89-a387-f9e101012933','Item \'CÂMERA CLOUD\' criado.','','CÂMERA CLOUD'),(88,'Criado','2024-09-17 18:21:50.233993',1,'1948d92a-23e8-441f-aa5a-efe03b053674','Item \'HUB USB\' criado.','','HUB USB'),(89,'Criado','2024-09-17 18:24:28.619518',1,'4ef09634-d9f7-43f3-aed9-f605157e439c','Item \'PRINT SERVER\' criado.','','PRINT SERVER'),(90,'Criado','2024-09-17 18:31:31.856214',1,'1dade55b-67ff-426d-9a4c-2eee7933fa12','Item \'PLACA DE CAPTURA\' criado.','','PLACA DE CAPTURA'),(91,'Criado','2024-09-17 18:36:53.929432',1,'2865e55e-4a90-4b13-9bda-15c33556c4af','Item \'ROTEADOR\' criado.','','ROTEADOR'),(92,'Criado','2024-09-17 19:18:25.676997',1,'8949ca70-60a1-4093-9344-18780076606b','Item \'ROTEADOR PORTÁTIL\' criado.','','ROTEADOR PORTÁTIL'),(93,'Criado','2024-09-17 19:23:32.263297',1,'2e6cac02-0fb1-4244-ac5e-9f86bed5eee0','Item \'LÂMPADA DE PROJETOR\' criado.','','LÂMPADA DE PROJETOR'),(94,'Criado','2024-09-17 20:14:45.706391',1,'cae92b59-da10-4362-b137-3164dfeb8ba6','Item \'LÂMPADA DE PROJETOR\' criado.','','LÂMPADA DE PROJETOR'),(95,'Criado','2024-09-17 20:15:37.356685',1,'e36f1644-3ea4-48ad-938f-1a6208546f8d','Item \'LÂMPADA DE PROJETOR\' criado.','','LÂMPADA DE PROJETOR'),(96,'Criado','2024-09-17 20:16:21.198447',1,'1f6236f0-a95e-43c9-9eff-c345d8ca2aea','Item \'LÂMPADA DE PROJETOR\' criado.','','LÂMPADA DE PROJETOR'),(97,'Criado','2024-09-17 20:16:52.331890',1,'88ba0637-b4a0-46bc-a7e0-b1de16bf2b81','Item \'LÂMPADA DE PROJETOR\' criado.','','LÂMPADA DE PROJETOR'),(98,'Criado','2024-09-17 20:17:48.446406',1,'462fd91f-b9f4-4793-9f90-bfe727334ff8','Item \'LÂMPADA DE PROJETOR\' criado.','','LÂMPADA DE PROJETOR'),(99,'Criado','2024-09-17 20:18:14.433610',1,'2ddd5c77-d559-469b-b9de-1db371be159c','Item \'LÂMPADA DE PROJETOR\' criado.','','LÂMPADA DE PROJETOR'),(100,'Criado','2024-09-17 20:18:36.398581',1,'935dd96c-c166-4ec2-b447-f7918549c360','Item \'LÂMPADA DE PROJETOR\' criado.','','LÂMPADA DE PROJETOR'),(101,'Editado','2024-09-17 20:29:50.742043',1,'462fd91f-b9f4-4793-9f90-bfe727334ff8','Item \'LÂMPADA DE PROJETOR\' editado.','','LÂMPADA DE PROJETOR'),(102,'Editado','2024-09-17 20:30:14.365001',1,'462fd91f-b9f4-4793-9f90-bfe727334ff8','Item \'LÂMPADA DE PROJETOR\' editado.','','LÂMPADA DE PROJETOR'),(103,'Criado','2024-09-17 20:31:13.667237',1,'73f35d03-d2b8-43a1-90a4-57430c2610a7','Item \'MULTIMETER\' criado.','','MULTIMETER'),(104,'Criado','2024-09-17 20:32:13.267053',1,'641074b4-ca39-4b10-809c-7568bf2eab55','Item \'TESTADOR DE CABOS DE REDE\' criado.','','TESTADOR DE CABOS DE REDE'),(105,'Criado','2024-09-17 20:36:01.917569',1,'a14e717f-a57a-40eb-b19c-50481ac81cc2','Item \'LACRE DE SEGURANÇA MALOTE\' criado.','','LACRE DE SEGURANÇA MALOTE'),(106,'Retirado: 1 UN','2024-09-17 20:54:38.010070',1,NULL,'Quantidade do item \'HDD - 1000 GB\' reduzida de 1 para 0.','','HDD - 1000 GB'),(107,'Deletado','2024-09-17 20:54:53.110798',1,NULL,'Item \'HDD - 1000 GB\' deletado.','{\"item_deleted\": true}','HDD - 1000 GB'),(108,'Criado','2024-09-17 21:53:35.316654',1,'2831b056-cf97-4bcf-8747-65d47cf00ea4','Item \'HDD - 250 GB\' criado.','','HDD - 250 GB'),(109,'Criado','2024-09-18 19:08:39.063683',1,'4b5b3dd1-cf30-4f03-a23b-5f579fc59b8e','Item \'MÁQUINA\' criado.','','MÁQUINA'),(110,'Criado','2024-09-18 19:29:13.542332',1,'c581b2d8-3bff-47d6-853f-34a22c2345a3','Item \'HDD - 1000 GB\' criado.','','HDD - 1000 GB'),(111,'Criado','2024-09-18 19:29:58.657076',1,'5f6e40de-c7fd-457e-9845-5e37405734af','Item \'SUPORTE DE HDD DELL\' criado.','','SUPORTE DE HDD DELL'),(112,'Criado','2024-09-18 19:34:50.045404',1,'59ce08cf-48b1-40e7-aeb6-a3dbb5f97fc5','Item \'CABO MACHO VGA PARA VGA\' criado.','','CABO MACHO VGA PARA VGA'),(113,'Criado','2024-09-18 19:40:22.891204',1,'48d64990-8340-4a40-bef1-22f82d0716f3','Item \'APARELHO TELEFÔNICO\' criado.','','APARELHO TELEFÔNICO'),(114,'Criado','2024-09-18 19:42:48.800051',1,'bdc98588-7a70-4497-85d1-058ea0b40af9','Item \'FONTE DE ALIMENTAÇÃO MODEM ROTEADOR\' criado.','','FONTE DE ALIMENTAÇÃO MODEM ROTEADOR'),(115,'Criado','2024-09-18 19:44:59.988904',1,'c597803b-0863-4881-8647-5ea98cf598c3','Item \'CÂMERA FOTOGRÁFICA\' criado.','','CÂMERA FOTOGRÁFICA'),(116,'Criado','2024-09-18 19:49:02.027277',1,'4bd53bbc-9aae-4f3b-aec7-7b216210922b','Item \'PARAFUSOS DIVERSOS\' criado.','','PARAFUSOS DIVERSOS'),(117,'Criado','2024-09-18 19:55:42.898304',1,'7c5cebb7-236e-48a9-9a17-35b34869b3c2','Item \'HDD PLAYER\' criado.','','HDD PLAYER'),(118,'Criado','2024-09-18 19:57:19.085741',1,'47d1eb5b-0ad4-4755-bf49-4084f1692685','Item \'FECHO ELETROMAGNÉTICO\' criado.','','FECHO ELETROMAGNÉTICO'),(119,'Criado','2024-09-18 19:58:34.787213',1,'0ace6436-7212-468c-bb47-6a1c7978c231','Item \'TALK ABOUT\' criado.','','TALK ABOUT'),(120,'Criado','2024-09-18 20:00:31.489763',1,'b43531d3-7cc1-4dc1-866d-dfc2d667576a','Item \'MOLA AUTOMÁTICA PARA PORTAS\' criado.','','MOLA AUTOMÁTICA PARA PORTAS'),(121,'Criado','2024-09-25 20:01:24.496001',1,NULL,'Item \'TESTE\' criado.','','TESTE'),(122,'Deletado','2024-09-25 20:16:15.822996',1,NULL,'Item \'TESTE\' deletado.','{\"item_deleted\": true}','TESTE'),(123,'Criado','2024-09-25 20:16:54.729770',1,NULL,'Item \'TESTE\' criado.','','TESTE'),(124,'Criado','2024-09-25 20:20:25.536888',1,NULL,'Item \'TESTE\' criado.','','TESTE'),(125,'Deletado','2024-09-25 20:24:55.550806',1,NULL,'Item \'TESTE\' deletado.','{\"item_deleted\": true}','TESTE'),(126,'Criado','2024-09-25 20:30:23.108541',1,NULL,'Item \'TESTE TOMBO\' criado.','','TESTE TOMBO'),(127,'Retirado: 1 UN','2024-09-25 21:01:17.494598',1,NULL,'Quantidade do item \'TESTE TOMBO\' reduzida de 1 para 0.','','TESTE TOMBO'),(128,'Deletado','2024-09-26 13:23:15.464149',1,NULL,'Item \'TESTE TOMBO\' deletado.','{\"item_deleted\": true}','TESTE TOMBO'),(129,'Criado','2024-09-26 13:55:28.327114',1,NULL,'Item \'KIT DE REPOSIÇÃO LIN\'S 2024\' criado.','','KIT DE REPOSIÇÃO LIN\'S 2024'),(130,'Criado','2024-09-26 14:02:12.442030',1,'aaf158a0-1118-4ea5-904b-7127523bc299','Item \'KIT DE REPOSIÇÃO LIN\'S 2024\' criado.','','KIT DE REPOSIÇÃO LIN\'S 2024'),(131,'Criado','2024-09-26 14:02:45.976837',1,NULL,'Item \'KIT DE REPOSIÇÃO LIN\'S 2024\' criado.','','KIT DE REPOSIÇÃO LIN\'S 2024'),(132,'Deletado','2024-09-26 14:03:05.544185',1,NULL,'Item \'KIT DE REPOSIÇÃO LIN\'S 2024\' deletado.','{\"item_deleted\": true}','KIT DE REPOSIÇÃO LIN\'S 2024'),(133,'Deletado','2024-09-26 14:03:40.732970',1,NULL,'Item \'KIT DE REPOSIÇÃO LIN\'S 2024\' deletado.','{\"item_deleted\": true}','KIT DE REPOSIÇÃO LIN\'S 2024'),(134,'Criado','2024-09-26 14:04:26.754851',1,'d0f54a26-2ddc-43b9-9660-ac0326e14a10','Item \'KIT DE REPOSIÇÃO LIN\'S 2024\' criado.','','KIT DE REPOSIÇÃO LIN\'S 2024'),(135,'Criado','2024-09-26 14:05:15.874486',1,'a954691c-b57e-410f-b612-d9e1f37b9942','Item \'KIT DE REPOSIÇÃO LIN\'S 2024\' criado.','','KIT DE REPOSIÇÃO LIN\'S 2024'),(136,'Criado','2024-09-26 14:06:03.296107',1,'fbed6c7d-c34b-4487-b110-f52a6bf43e5c','Item \'KIT DE REPOSIÇÃO LIN\'S 2024\' criado.','','KIT DE REPOSIÇÃO LIN\'S 2024'),(137,'Criado','2024-09-26 14:06:42.681952',1,'3db11062-3acb-405d-be63-4f6173a675e6','Item \'KIT DE REPOSIÇÃO LIN\'S 2024\' criado.','','KIT DE REPOSIÇÃO LIN\'S 2024'),(138,'Criado','2024-09-26 14:07:26.239983',1,'db21c7d3-5e6a-4153-ae7c-a58662ed1bfe','Item \'KIT DE REPOSIÇÃO LIN\'S 2024\' criado.','','KIT DE REPOSIÇÃO LIN\'S 2024'),(139,'Criado','2024-09-26 14:08:04.145006',1,'77b41d10-0cef-449b-871b-3069af7c7a96','Item \'KIT DE REPOSIÇÃO LIN\'S 2024\' criado.','','KIT DE REPOSIÇÃO LIN\'S 2024'),(140,'Criado','2024-09-26 14:08:42.529039',1,'7f8596d8-9440-499c-9736-49d12662f928','Item \'KIT DE REPOSIÇÃO LIN\'S 2024\' criado.','','KIT DE REPOSIÇÃO LIN\'S 2024'),(141,'Criado','2024-09-26 14:09:30.246536',1,'685598d6-06ed-46ec-ba75-9da0a85fa07b','Item \'KIT DE REPOSIÇÃO LIN\'S 2024\' criado.','','KIT DE REPOSIÇÃO LIN\'S 2024'),(142,'Criado','2024-09-26 14:11:08.573870',1,NULL,'Item \'KIT DE REPOSIÇÃO LIN\'S 2024\' criado.','','KIT DE REPOSIÇÃO LIN\'S 2024'),(143,'Deletado','2024-09-26 14:14:01.129420',1,NULL,'Item \'KIT DE REPOSIÇÃO LIN\'S 2024\' deletado.','{\"item_deleted\": true}','KIT DE REPOSIÇÃO LIN\'S 2024'),(144,'Criado','2024-09-26 14:14:55.231879',1,'ec5a54eb-a094-45ac-9860-34e658ad2102','Item \'KIT DE REPOSIÇÃO LIN\'S 2024\' criado.','','KIT DE REPOSIÇÃO LIN\'S 2024'),(145,'Criado','2024-09-26 14:16:16.442278',1,'10f774e4-da61-4c97-9b39-d194852ea082','Item \'KIT DE REPOSIÇÃO LIN\'S 2024\' criado.','','KIT DE REPOSIÇÃO LIN\'S 2024'),(146,'Criado','2024-09-26 14:17:19.864897',1,'9c692f9e-905b-40c4-9702-13b7ba265eef','Item \'KIT DE REPOSIÇÃO LIN\'S 2024\' criado.','','KIT DE REPOSIÇÃO LIN\'S 2024'),(147,'Criado','2024-09-26 14:18:11.640248',1,'73c7bfe4-c6b2-4add-bdc0-3c298ab639de','Item \'KIT DE REPOSIÇÃO LIN\'S 2024\' criado.','','KIT DE REPOSIÇÃO LIN\'S 2024'),(148,'Criado','2024-09-26 14:19:09.818518',1,'d7d91b8b-7527-4e33-976d-ce5889ca2bfd','Item \'KIT DE REPOSIÇÃO LIN\'S 2024\' criado.','','KIT DE REPOSIÇÃO LIN\'S 2024'),(149,'Criado','2024-09-26 16:53:07.723450',1,NULL,'Item \'MONITOR\' criado.','','MONITOR'),(150,'Criado','2024-09-26 16:54:07.772426',1,NULL,'Item \'MONITOR - USADO\' criado.','','MONITOR - USADO'),(151,'Criado','2024-09-26 16:55:11.899250',1,'764ccf5d-1ca7-486f-babe-60fa4b717a00','Item \'MONITOR - USADO\' criado.','','MONITOR - USADO'),(152,'Deletado','2024-09-26 16:56:15.147020',1,NULL,'Item \'MONITOR - USADO\' deletado.','{\"item_deleted\": true}','MONITOR - USADO'),(153,'Criado','2024-09-26 16:56:45.073104',1,'2ff4d756-5fa4-4e72-8e6b-833f9a939600','Item \'MONITOR - USADO\' criado.','','MONITOR - USADO'),(154,'Deletado','2024-09-26 16:56:56.176275',1,NULL,'Item \'MONITOR\' deletado.','{\"item_deleted\": true}','MONITOR'),(155,'Criado','2024-09-26 16:57:38.216955',1,'8c1a1434-be8b-472b-8ae1-4e25a89111ff','Item \'MONITOR - USADO\' criado.','','MONITOR - USADO'),(156,'Criado','2024-09-26 16:58:27.415315',1,'489aa056-3d3d-46f9-86c9-6a6b4cff4ae8','Item \'MONITOR - USADO\' criado.','','MONITOR - USADO'),(157,'Criado','2024-09-26 16:59:51.148055',1,'d6ec0a39-7647-4544-914b-07efc675862e','Item \'MONITOR - USADO\' criado.','','MONITOR - USADO'),(158,'Criado','2024-09-26 17:00:25.613182',1,'8c290a29-d4be-4549-bdb4-ea2212d98d03','Item \'MONITOR - USADO\' criado.','','MONITOR - USADO'),(159,'Criado','2024-09-26 17:01:38.614597',1,'c16ad8dc-117d-480f-83ba-70eb2a00fe46','Item \'MONITOR - USADO\' criado.','','MONITOR - USADO'),(160,'Criado','2024-09-26 17:02:05.791085',1,'85d8bac9-6709-4704-83df-b8d57fbf6088','Item \'MONITOR - USADO\' criado.','','MONITOR - USADO'),(161,'Criado','2024-09-26 17:02:58.121971',1,'d9b52cbc-3c4f-435a-ac24-0ac2966e245b','Item \'MONITOR - USADO\' criado.','','MONITOR - USADO'),(162,'Criado','2024-09-26 17:03:31.643676',1,'4ab8a522-59f1-4b64-a680-e6fdfba33ea5','Item \'MONITOR - USADO\' criado.','','MONITOR - USADO'),(163,'Criado','2024-09-26 17:05:06.712995',1,'eca2910a-b078-4ba7-beb3-c8d2294ad4fa','Item \'MONITOR - USADO\' criado.','','MONITOR - USADO'),(164,'Criado','2024-09-26 17:05:36.442118',1,'c3213252-5ef4-41fa-b001-fb7c354e54f3','Item \'MONITOR - USADO\' criado.','','MONITOR - USADO'),(165,'Criado','2024-09-26 17:08:18.607241',1,'736164d5-4eec-4635-9845-46c715994d06','Item \'MONITOR - USADO\' criado.','','MONITOR - USADO'),(166,'Criado','2024-09-26 17:08:48.036686',1,'fe0d0c50-b906-43d6-aecb-bd6968b64950','Item \'MONITOR - USADO\' criado.','','MONITOR - USADO'),(167,'Criado','2024-09-26 17:09:43.479614',1,'a62aab4e-7397-44b3-90be-41d4dd50ba16','Item \'MONITOR - USADO\' criado.','','MONITOR - USADO'),(168,'Criado','2024-09-26 17:10:10.477757',1,'fa1cf7dd-b7bd-44e8-9044-ea71e25e99df','Item \'MONITOR - USADO\' criado.','','MONITOR - USADO'),(169,'Criado','2024-09-26 17:11:02.608689',1,'88e0efe6-cac8-457e-9c20-f8ecf9123221','Item \'MONITOR - USADO\' criado.','','MONITOR - USADO'),(170,'Criado','2024-09-26 17:11:32.311386',1,'d493c0c2-5584-4146-a2c7-d99b5387f057','Item \'MONITOR - USADO\' criado.','','MONITOR - USADO'),(171,'Criado','2024-09-26 17:22:00.962602',1,'3aa189c0-d3ef-4fcd-8b2e-a49a05298cfc','Item \'MONITOR - USADO\' criado.','','MONITOR - USADO'),(172,'Criado','2024-09-26 17:22:43.595748',1,'75a3c086-c1b1-4c58-a7df-05518dc30d5e','Item \'MONITOR - USADO\' criado.','','MONITOR - USADO'),(173,'Criado','2024-09-26 17:23:41.234744',1,'62937441-2c7f-45ba-9084-d9f61d355ae1','Item \'MONITOR - USADO\' criado.','','MONITOR - USADO'),(174,'Criado','2024-09-26 17:24:16.226421',1,'4c144d4d-926e-45a9-aa34-80f1167a15bd','Item \'MONITOR - USADO\' criado.','','MONITOR - USADO'),(175,'Criado','2024-09-26 17:25:07.624254',1,'560c64eb-37ef-4671-b1f7-9f92f2f61d2f','Item \'MONITOR - USADO\' criado.','','MONITOR - USADO'),(176,'Criado','2024-09-26 17:25:34.840685',1,'c71fb161-bf68-498c-a641-0dcd3120331f','Item \'MONITOR - USADO\' criado.','','MONITOR - USADO'),(177,'Criado','2024-09-26 17:26:32.356748',1,'bebade16-9a63-4414-9817-1d0c7a86822b','Item \'MONITOR - USADO\' criado.','','MONITOR - USADO'),(178,'Criado','2024-09-26 17:27:00.464512',1,'9d72c632-5b5f-469f-9d1a-471a2aeca189','Item \'MONITOR - USADO\' criado.','','MONITOR - USADO'),(179,'Criado','2024-09-26 17:44:18.134252',1,'769c8c77-e9b5-4be4-80d0-71f0a99634ae','Item \'KIT DE REPOSIÇÃO LIN\'S 2024\' criado.','','KIT DE REPOSIÇÃO LIN\'S 2024'),(180,'Criado','2024-09-30 18:34:05.870999',1,'6decbbe4-0297-44bc-8616-e13250521c60','Item \'FONTE CARREGADOR + CABO DE FORÇA 3 PINOS\' criado.','','FONTE CARREGADOR + CABO DE FORÇA 3 PINOS'),(181,'Criado','2024-09-30 19:03:45.705620',1,'66f9a529-4567-4c5b-acd8-fee23fc55b9f','Item \'MANNA - MONITOR\' criado.','','MANNA - MONITOR'),(182,'Criado','2024-09-30 19:06:54.313030',1,'c5bd81e4-7167-4351-b5db-81d670a6c173','Item \'MANNA - MONITOR\' criado.','','MANNA - MONITOR'),(183,'Criado','2024-09-30 19:08:48.508763',1,'21c20363-5729-4276-8a84-e53c62725ad6','Item \'MANNA - MONITOR\' criado.','','MANNA - MONITOR'),(184,'Criado','2024-09-30 19:09:32.876390',1,'da773c7f-086a-4b09-b5c4-3248118e08c6','Item \'MANNA - MONITOR\' criado.','','MANNA - MONITOR'),(185,'Criado','2024-09-30 19:10:43.312504',1,'e60afc96-a67e-499a-8010-6070310860c9','Item \'MANNA - MONITOR\' criado.','','MANNA - MONITOR'),(186,'Criado','2024-09-30 19:11:47.603281',1,'9f9b3d89-3408-4644-93a1-7d54dd9e1d60','Item \'MANNA - MONITOR\' criado.','','MANNA - MONITOR'),(187,'Criado','2024-09-30 19:14:57.221238',1,'ef2c8927-f674-4b9c-9f81-285ef6e78847','Item \'MANNA - MONITOR\' criado.','','MANNA - MONITOR'),(188,'Criado','2024-09-30 19:16:37.764131',1,'f97f3faa-a2d8-4ad1-aaa2-1f74d782ab88','Item \'MANNA - MONITOR\' criado.','','MANNA - MONITOR'),(189,'Criado','2024-09-30 19:20:11.964513',1,'5ff2e992-4b8e-4d7a-abd8-385d5772cf40','Item \'MANNA - MONITOR\' criado.','','MANNA - MONITOR'),(190,'Criado','2024-09-30 19:21:57.330011',1,'d37aa0b3-312f-41ed-8bc5-90ef2bb969d5','Item \'MANNA - MONITOR\' criado.','','MANNA - MONITOR'),(191,'Criado','2024-09-30 19:23:40.615946',1,'b59d6045-3277-4d85-93b3-13cd4440f8e1','Item \'MANNA - MONITOR\' criado.','','MANNA - MONITOR'),(192,'Criado','2024-09-30 19:26:19.222926',1,'91afa231-b6e0-4fa3-8fc4-1c6d85c67a02','Item \'MANNA - MONITOR\' criado.','','MANNA - MONITOR'),(193,'Criado','2024-09-30 19:28:00.504738',1,'4f34f193-76f7-465c-bbcb-abed8d30fb13','Item \'MANNA - MONITOR\' criado.','','MANNA - MONITOR'),(194,'Criado','2024-09-30 19:29:30.589709',1,'1e216553-f7d4-46f7-be1c-2136c1087a23','Item \'MANNA - MONITOR\' criado.','','MANNA - MONITOR'),(195,'Criado','2024-09-30 19:45:06.961856',1,'5510b220-cc15-4de5-be8b-546215209952','Item \'MANNA - MONITOR\' criado.','','MANNA - MONITOR'),(196,'Criado','2024-09-30 19:46:33.739982',1,'952976d9-16dd-486e-a935-fa1c45f40796','Item \'MANNA - MONITOR\' criado.','','MANNA - MONITOR'),(197,'Criado','2024-09-30 19:48:03.984616',1,'ee5c5d79-6b8f-43ef-b3b1-62e2e279fee7','Item \'MANNA - MONITOR\' criado.','','MANNA - MONITOR'),(198,'Criado','2024-09-30 19:48:54.287218',1,'eabd3a3f-4c50-48c3-8db4-2dbb15b3c10b','Item \'MANNA - MONITOR\' criado.','','MANNA - MONITOR'),(199,'Criado','2024-09-30 19:50:42.967739',1,'398defed-1448-428d-a5fc-6625334c798f','Item \'MANNA - MONITOR\' criado.','','MANNA - MONITOR'),(200,'Criado','2024-09-30 19:52:14.574489',1,'c541662c-cd27-480d-885c-d3707037bfb5','Item \'MANNA - MONITOR\' criado.','','MANNA - MONITOR'),(201,'Criado','2024-09-30 19:56:32.965647',1,'d97f0ff9-068b-4153-b3b3-7fff416764ba','Item \'MANNA - MONITOR\' criado.','','MANNA - MONITOR'),(202,'Criado','2024-09-30 19:57:58.696870',1,'fb004856-b67c-47f2-8385-91830eb2c726','Item \'MANNA - MONITOR\' criado.','','MANNA - MONITOR'),(203,'Editado','2024-10-01 19:21:28.031614',1,'91afa231-b6e0-4fa3-8fc4-1c6d85c67a02','Item \'MANNA - MONITOR\' editado.','','MANNA - MONITOR'),(204,'Editado','2024-10-01 19:23:07.042545',1,'91afa231-b6e0-4fa3-8fc4-1c6d85c67a02','Item \'MANNA - MONITOR\' editado.','','MANNA - MONITOR'),(205,'Editado','2024-10-01 19:42:49.744803',1,'66f9a529-4567-4c5b-acd8-fee23fc55b9f','Item \'MANNA - MONITOR\' editado.','','MANNA - MONITOR'),(206,'Editado','2024-10-01 19:43:10.900394',1,'21c20363-5729-4276-8a84-e53c62725ad6','Item \'MANNA - MONITOR\' editado.','','MANNA - MONITOR'),(207,'Editado','2024-10-01 19:48:38.678895',1,'9f9b3d89-3408-4644-93a1-7d54dd9e1d60','Item \'MANNA - MONITOR\' editado.','','MANNA - MONITOR'),(208,'Editado','2024-10-01 19:49:06.858294',1,'9f9b3d89-3408-4644-93a1-7d54dd9e1d60','Item \'MANNA - MONITOR\' editado.','','MANNA - MONITOR'),(209,'Editado','2024-10-01 19:50:28.032342',1,'b59d6045-3277-4d85-93b3-13cd4440f8e1','Item \'MANNA - MONITOR\' editado.','','MANNA - MONITOR'),(210,'Editado','2024-10-01 19:52:38.833347',1,'b59d6045-3277-4d85-93b3-13cd4440f8e1','Item \'MANNA - MONITOR\' editado.','','MANNA - MONITOR'),(211,'Editado','2024-10-01 19:52:47.214718',1,'b59d6045-3277-4d85-93b3-13cd4440f8e1','Item \'MANNA - MONITOR\' editado.','','MANNA - MONITOR'),(212,'Editado','2024-10-01 19:54:49.852791',1,'b59d6045-3277-4d85-93b3-13cd4440f8e1','Item \'MANNA - MONITOR\' editado.','','MANNA - MONITOR'),(213,'Editado','2024-10-01 19:55:14.439905',1,'b59d6045-3277-4d85-93b3-13cd4440f8e1','Item \'MANNA - MONITOR\' editado.','','MANNA - MONITOR'),(214,'Editado','2024-10-01 19:55:16.614939',1,'b59d6045-3277-4d85-93b3-13cd4440f8e1','Item \'MANNA - MONITOR\' editado.','','MANNA - MONITOR'),(215,'Editado','2024-10-01 19:55:50.039952',1,'b59d6045-3277-4d85-93b3-13cd4440f8e1','Item \'MANNA - MONITOR\' editado.','','MANNA - MONITOR'),(216,'Editado','2024-10-01 19:57:32.122922',1,'c5bd81e4-7167-4351-b5db-81d670a6c173','Item \'MANNA - MONITOR\' editado.','','MANNA - MONITOR'),(217,'Editado','2024-10-01 19:58:50.087485',1,'da773c7f-086a-4b09-b5c4-3248118e08c6','Item \'MANNA - MONITOR\' editado.','','MANNA - MONITOR'),(218,'Editado','2024-10-01 20:01:22.636449',1,'d37aa0b3-312f-41ed-8bc5-90ef2bb969d5','Item \'MANNA - MONITOR\' editado.','','MANNA - MONITOR'),(219,'Editado','2024-10-01 20:01:25.643463',1,'d37aa0b3-312f-41ed-8bc5-90ef2bb969d5','Item \'MANNA - MONITOR\' editado.','','MANNA - MONITOR'),(220,'Editado','2024-10-01 20:02:39.236432',1,'e60afc96-a67e-499a-8010-6070310860c9','Item \'MANNA - MONITOR\' editado.','','MANNA - MONITOR'),(221,'Editado','2024-10-01 20:05:09.221045',1,'e60afc96-a67e-499a-8010-6070310860c9','Item \'MANNA - MONITOR\' editado.','','MANNA - MONITOR'),(222,'Editado','2024-10-01 20:07:03.231035',1,'f97f3faa-a2d8-4ad1-aaa2-1f74d782ab88','Item \'MANNA - MONITOR\' editado.','','MANNA - MONITOR'),(223,'Editado','2024-10-01 20:09:43.992689',1,'f97f3faa-a2d8-4ad1-aaa2-1f74d782ab88','Item \'MANNA - MONITOR\' editado.','','MANNA - MONITOR'),(224,'Editado','2024-10-01 20:10:30.903989',1,'f97f3faa-a2d8-4ad1-aaa2-1f74d782ab88','Item \'MANNA - MONITOR\' editado.','','MANNA - MONITOR'),(225,'Editado','2024-10-01 20:13:33.659364',1,'3aa189c0-d3ef-4fcd-8b2e-a49a05298cfc','Item \'MONITOR - USADO\' editado.','','MONITOR - USADO'),(226,'Editado','2024-10-01 20:15:59.226281',1,'3aa189c0-d3ef-4fcd-8b2e-a49a05298cfc','Item \'MONITOR - USADO\' editado.','','MONITOR - USADO'),(227,'Editado','2024-10-01 20:17:07.146947',1,'3aa189c0-d3ef-4fcd-8b2e-a49a05298cfc','Item \'MONITOR - USADO\' editado.','','MONITOR - USADO'),(228,'Editado','2024-10-01 20:20:33.795634',1,'1e216553-f7d4-46f7-be1c-2136c1087a23','Item \'MANNA - MONITOR\' editado.','','MANNA - MONITOR'),(229,'Editado','2024-10-01 20:24:41.202848',1,'2865e55e-4a90-4b13-9bda-15c33556c4af','Item \'ROTEADOR\' editado.','','ROTEADOR'),(230,'Editado','2024-10-01 20:26:59.670505',1,'2865e55e-4a90-4b13-9bda-15c33556c4af','Item \'ROTEADOR\' editado.','','ROTEADOR'),(231,'Criado','2024-10-03 17:01:52.047090',1,'8244b644-117c-4642-a370-c9697dba80a9','Item \'MONITOR\' criado.','','MONITOR'),(232,'Criado','2024-10-03 17:07:04.979832',1,NULL,'Item \'TESTE\' criado.','','TESTE'),(233,'Editado','2024-10-03 17:09:16.553277',1,NULL,'Item \'TESTE\' editado.','','TESTE'),(234,'Editado','2024-10-03 17:09:28.564499',1,NULL,'Item \'TESTE\' editado.','','TESTE'),(235,'Deletado','2024-10-03 17:09:35.227174',1,NULL,'Item \'TESTE\' deletado.','{\"item_deleted\": true}','TESTE'),(236,'Criado','2024-10-08 17:03:07.035627',1,'084960fa-4637-4e77-8dd3-e930451be278','Item \'MONITOR\' criado.','','MONITOR'),(237,'Criado','2024-10-08 17:05:30.129313',1,'9f1f4719-fe17-4140-9b8e-484675ee0a52','Item \'MONITOR\' criado.','','MONITOR'),(238,'Criado','2024-10-08 17:44:37.451839',1,'8c57eb4d-a1e8-466c-b550-3b72672d9dd7','Item \'MONITOR - USADO\' criado.','','MONITOR - USADO'),(239,'Criado','2024-10-08 17:46:16.189481',1,'01ff1e84-a740-4c73-9619-2510afe0aac1','Item \'MONITOR\' criado.','','MONITOR'),(240,'Criado','2024-10-15 20:22:01.121921',1,'0eceb0a5-1e62-4911-ba2c-050730c1e3b5','Item \'MANNA - MÁQUINA\' criado.','','MANNA - MÁQUINA'),(241,'Criado','2024-10-15 20:23:13.835776',1,'8655afa6-5efb-4c04-b312-5bd776eadff1','Item \'MANNA - MÁQUINA\' criado.','','MANNA - MÁQUINA'),(242,'Editado','2024-10-15 20:23:36.787703',1,'0eceb0a5-1e62-4911-ba2c-050730c1e3b5','Item \'MANNA - MÁQUINA\' editado.','','MANNA - MÁQUINA'),(243,'Criado','2024-10-15 20:25:03.954081',1,'44dd350f-ba44-4e9e-b2ef-e7e95b31fc8a','Item \'MANNA - MÁQUINA\' criado.','','MANNA - MÁQUINA'),(244,'Criado','2024-10-15 20:26:23.863834',1,'394a2a23-c738-4e10-a746-a337d5122651','Item \'MANNA - MÁQUINA\' criado.','','MANNA - MÁQUINA'),(245,'Criado','2024-10-15 20:27:39.504675',1,'7e9a654c-6d2e-47bb-895b-7454b0b9dbce','Item \'MANNA - MÁQUINA\' criado.','','MANNA - MÁQUINA'),(246,'Criado','2024-10-15 20:28:37.284955',1,'4be401e1-296d-46d8-87d3-feccbb40fca4','Item \'MANNA - MÁQUINA\' criado.','','MANNA - MÁQUINA'),(247,'Criado','2024-10-15 20:29:30.515145',1,'49de240e-7dc6-4da3-a916-c8f30115abbb','Item \'MANNA - MÁQUINA\' criado.','','MANNA - MÁQUINA'),(248,'Criado','2024-10-15 20:30:30.834192',1,'d5f98810-a72b-4acd-987b-c18af409d2be','Item \'MANNA - MÁQUINA\' criado.','','MANNA - MÁQUINA'),(249,'Editado','2024-10-15 20:31:08.839980',1,'49de240e-7dc6-4da3-a916-c8f30115abbb','Item \'MANNA - MÁQUINA\' editado.','','MANNA - MÁQUINA'),(250,'Editado','2024-10-15 20:31:33.234136',1,'4be401e1-296d-46d8-87d3-feccbb40fca4','Item \'MANNA - MÁQUINA\' editado.','','MANNA - MÁQUINA'),(251,'Criado','2024-10-15 20:32:18.347543',1,'39e2d9a2-d217-4db0-9a06-e11a85d3cca5','Item \'MANNA - MÁQUINA\' criado.','','MANNA - MÁQUINA'),(252,'Criado','2024-10-15 20:32:54.074973',1,'71f0b2f0-2638-4af8-abe5-9b529169b9d0','Item \'MANNA - MÁQUINA\' criado.','','MANNA - MÁQUINA'),(253,'Criado','2024-10-15 20:33:41.733411',1,'64c9df56-7f67-48df-b5c3-5630ae8a670d','Item \'MANNA - GABINETE\' criado.','','MANNA - GABINETE'),(254,'Criado','2024-10-15 20:35:49.669510',1,'bd3d5861-fb68-46c9-a29b-7752d7b731a8','Item \'MANNA - MÁQUINA\' criado.','','MANNA - MÁQUINA'),(255,'Editado','2024-10-15 20:37:05.540049',1,'0eceb0a5-1e62-4911-ba2c-050730c1e3b5','Item \'MANNA - MÁQUINA\' editado.','','MANNA - MÁQUINA'),(256,'Editado','2024-10-16 19:14:34.339120',1,'0eceb0a5-1e62-4911-ba2c-050730c1e3b5','Item \'MANNA - MÁQUINA\' editado.','','MANNA - MÁQUINA'),(257,'Editado','2024-10-16 19:18:10.837264',1,'8655afa6-5efb-4c04-b312-5bd776eadff1','Item \'MANNA - MÁQUINA\' editado.','','MANNA - MÁQUINA'),(258,'Editado','2024-10-16 19:23:16.483029',1,'44dd350f-ba44-4e9e-b2ef-e7e95b31fc8a','Item \'MANNA - MÁQUINA\' editado.','','MANNA - MÁQUINA'),(259,'Criado','2024-10-16 19:28:50.516531',1,'163b307d-fe2b-4060-b485-af90b7fce9f1','Item \'MANNA - MÁQUINA\' criado.','','MANNA - MÁQUINA'),(260,'Editado','2024-10-16 19:32:19.963133',1,'394a2a23-c738-4e10-a746-a337d5122651','Item \'MANNA - MÁQUINA\' editado.','','MANNA - MÁQUINA'),(261,'Editado','2024-10-16 19:54:06.105432',1,'7e9a654c-6d2e-47bb-895b-7454b0b9dbce','Item \'MANNA - MÁQUINA\' editado.','','MANNA - MÁQUINA'),(262,'Editado','2024-10-16 20:05:09.552906',1,'4be401e1-296d-46d8-87d3-feccbb40fca4','Item \'MANNA - MÁQUINA\' editado.','','MANNA - MÁQUINA'),(263,'Editado','2024-10-16 20:08:49.032300',1,'49de240e-7dc6-4da3-a916-c8f30115abbb','Item \'MANNA - MÁQUINA\' editado.','','MANNA - MÁQUINA'),(264,'Editado','2024-10-16 20:10:48.093072',1,'d5f98810-a72b-4acd-987b-c18af409d2be','Item \'MANNA - MÁQUINA\' editado.','','MANNA - MÁQUINA'),(265,'Editado','2024-10-16 20:14:22.077154',1,'39e2d9a2-d217-4db0-9a06-e11a85d3cca5','Item \'MANNA - MÁQUINA\' editado.','','MANNA - MÁQUINA'),(266,'Editado','2024-10-16 20:19:23.347236',1,'71f0b2f0-2638-4af8-abe5-9b529169b9d0','Item \'MANNA - MÁQUINA\' editado.','','MANNA - MÁQUINA'),(267,'Editado','2024-10-16 20:20:51.766176',1,'bd3d5861-fb68-46c9-a29b-7752d7b731a8','Item \'MANNA - MÁQUINA\' editado.','','MANNA - MÁQUINA'),(268,'Criado','2024-10-17 13:55:16.917294',1,NULL,'Item \'TESTE\' criado.','','TESTE'),(269,'Criado','2024-10-17 14:13:49.145632',1,NULL,'Item \'TESTE\' criado.','','TESTE'),(270,'Editado','2024-10-23 19:13:43.080116',1,'0ace6436-7212-468c-bb47-6a1c7978c231','Item \'TALK ABOUT\' editado.','','TALK ABOUT'),(271,'Editado','2024-10-24 11:08:39.311685',1,'0ace6436-7212-468c-bb47-6a1c7978c231','Item \'TALK ABOUT\' editado.','','TALK ABOUT'),(272,'Deletado','2024-11-05 19:23:33.611854',1,NULL,'Item \'TESTE\' deletado.','{\"item_deleted\": true}','TESTE'),(273,'Deletado','2024-11-05 19:23:47.417511',1,NULL,'Item \'TESTE\' deletado.','{\"item_deleted\": true}','TESTE'),(274,'Deletado','2024-11-05 19:23:58.482800',1,NULL,'Item \'TESTE\' deletado.','{\"item_deleted\": true}','TESTE'),(275,'Criado','2024-11-05 19:30:43.128251',1,NULL,'Item <b>TESTE</b> criado.','','TESTE'),(276,'Deletado','2024-11-05 19:31:39.501477',1,NULL,'Item \'TESTE\' deletado.','{\"item_deleted\": true}','TESTE'),(277,'Criado','2024-11-05 19:35:00.977581',1,NULL,'Item <b>TESTE</b> criado.','','TESTE'),(278,'Retirado: 2 UN','2024-11-05 19:35:49.085604',1,NULL,'Quantidade do item TESTE reduzida de 4 para 2.','','TESTE'),(279,'Retirado: 1 UN','2024-11-05 19:39:56.158045',1,NULL,'Quantidade do item TESTE reduzida de 2 para 1.','','TESTE'),(280,'Criado','2024-11-06 17:42:15.780612',1,'c39e3d16-d056-4b5d-a823-cc5cbee9aaf3','Item <b>MANNA - MÁQUINA</b> criado.','','MANNA - MÁQUINA'),(281,'Criado','2024-11-06 17:45:11.258973',1,'42a0fc38-3a93-4cb4-b17a-aea1803484e6','Item <b>MANNA - MÁQUINA</b> criado.','','MANNA - MÁQUINA'),(282,'Criado','2024-11-06 17:48:38.433387',1,'f2483459-9e5c-4fc2-8252-98cd789e5823','Item <b>MANNA - MÁQUINA</b> criado.','','MANNA - MÁQUINA'),(283,'Criado','2024-11-06 17:51:53.482719',1,'743ab1e9-b260-4627-b18d-26a426ad1332','Item <b>MANNA - MÁQUINA</b> criado.','','MANNA - MÁQUINA'),(284,'Criado','2024-11-06 17:57:41.637282',1,'3cee9925-27e4-4f0f-a1ab-a30639de9d91','Item <b>MANNA - MÁQUINA</b> criado.','','MANNA - MÁQUINA'),(285,'Criado','2024-11-06 17:59:31.522393',1,'7d328f86-ac70-424c-9039-30d1427b5f64','Item <b>MANNA - MÁQUINA</b> criado.','','MANNA - MÁQUINA'),(286,'Criado','2024-11-06 18:38:52.534150',1,'b0ac342e-44df-4dec-a7a0-18fa8fdfea55','Item <b>MANNA - MÁQUINA</b> criado.','','MANNA - MÁQUINA'),(287,'Deletado','2024-11-13 17:36:16.730273',1,NULL,'Item \'TESTE\' deletado.','{\"item_deleted\": true}','TESTE'),(288,'Criado','2024-11-13 19:22:08.864100',1,'1911bfcd-8231-433e-bb36-b3c24595c42f','Item TECLADO COM DEFEITOS criado.','','TECLADO COM DEFEITOS'),(289,'Criado','2024-11-13 19:23:56.394092',1,'3e208901-c305-485d-9b0d-56e37aeb49a5','Item TECLADOS USADOS PS2 criado.','','TECLADOS USADOS PS2'),(290,'Criado','2024-11-13 19:24:25.501133',1,'72a419c6-9db6-48ac-8bc4-c22f134d7a7b','Item TECLADOS USADO USB criado.','','TECLADOS USADO USB'),(291,'Criado','2024-11-13 19:26:24.558745',1,'aa49288e-9f5b-499b-aa11-057d569af682','Item IMPRESSORA USADA MANNA criado.','','IMPRESSORA USADA MANNA'),(292,'Criado','2024-11-13 19:27:51.863193',1,'55a59abe-4723-42ab-9d50-29164da5a49c','Item NOBREAK criado.','','NOBREAK'),(293,'Criado','2024-11-13 19:28:21.735939',1,'f982fbba-1666-4fc4-896a-f9edf6e0ac9a','Item CAIXA DE SUPORTES criado.','','CAIXA DE SUPORTES'),(294,'Criado','2024-11-13 19:29:44.742916',1,'b7528fb9-bcef-426c-865b-d0a8ee608bd5','Item CAIXA DE SOM USADOS criado.','','CAIXA DE SOM USADOS');
/*!40000 ALTER TABLE `items_itemsauditlog` ENABLE KEYS */;
UNLOCK TABLES;

--
-- Table structure for table `items_itemtombo`
--

DROP TABLE IF EXISTS `items_itemtombo`;
/*!40101 SET @saved_cs_client     = @@character_set_client */;
/*!50503 SET character_set_client = utf8mb4 */;
CREATE TABLE `items_itemtombo` (
  `id` bigint NOT NULL AUTO_INCREMENT,
  `tombo` varchar(200) NOT NULL,
  `item_id` varchar(36) NOT NULL,
  PRIMARY KEY (`id`),
  KEY `items_itemtombo_item_id_a368ca46_fk_items_items_id` (`item_id`),
  CONSTRAINT `items_itemtombo_item_id_a368ca46_fk_items_items_id` FOREIGN KEY (`item_id`) REFERENCES `items_items` (`id`)
) ENGINE=InnoDB AUTO_INCREMENT=171 DEFAULT CHARSET=utf8mb4 COLLATE=utf8mb4_0900_ai_ci;
/*!40101 SET character_set_client = @saved_cs_client */;

--
-- Dumping data for table `items_itemtombo`
--

LOCK TABLES `items_itemtombo` WRITE;
/*!40000 ALTER TABLE `items_itemtombo` DISABLE KEYS */;
INSERT INTO `items_itemtombo` VALUES (1,'135623','0435bf3b-818e-4642-902f-67bf992a4d1c'),(3,'764660','0dafb06d-3139-4d5b-a32c-158123f1cc3d'),(4,'79783','1d897fab-0364-46d0-b8ac-8a8d4807db12'),(5,'0','25d50ee6-9872-4663-981e-7d00cb073605'),(6,'107549','36b586fb-2d88-44ab-8fef-56e3d8b39c19'),(7,'123831','3bb1d460-4820-434b-bbdd-4b7552f2439d'),(8,'91948','47d1eb5b-0ad4-4755-bf49-4084f1692685'),(9,'109177','4b5b3dd1-cf30-4f03-a23b-5f579fc59b8e'),(10,'91948','4bd53bbc-9aae-4f3b-aec7-7b216210922b'),(11,'83850','54ba3b64-4eb3-4732-9dfd-191b60781dfc'),(12,'123517','6cd8eb5b-1e46-4aa5-bd8e-22e699615483'),(13,'139508','6f0477f7-0865-4c2e-b64f-3b3e3f011635'),(14,'139509','7639880f-25cb-4910-8363-fa837f70e17f'),(15,'0','7b7ed23f-0cc5-412d-993f-ec7455f280d5'),(16,'91948','7c5cebb7-236e-48a9-9a17-35b34869b3c2'),(17,'92101','7efbd5eb-c0d5-4b4f-8827-591e8378365f'),(18,'93624','87ceb63d-5c32-4c09-a6c1-b8a786dab102'),(19,'107550','ad2caa17-c216-4541-8435-9a234fe27a18'),(20,'0','bcfecfd3-99b4-46b6-b7a0-0b33be191a12'),(21,'99196','c0060fc3-db21-49f0-b848-38895c6d1cbb'),(22,'91948','c597803b-0863-4881-8647-5ea98cf598c3'),(23,'139509','d1cf4978-c12b-4d60-83a8-adb9135598ee'),(24,'0','dcf83f10-d9c1-47fd-b4f0-fd6402d9e7a0'),(25,'135623','dfb2f02a-bfa5-45ca-96b2-b8d35c5be6e0'),(26,'123517','f40733c7-97b5-4d14-b7f8-dec787794adb'),(29,'Monitor: 180190\r\nMáquina: 179225','aaf158a0-1118-4ea5-904b-7127523bc299'),(30,'Monitor: 180187\r\nMáquina: 179229','d0f54a26-2ddc-43b9-9660-ac0326e14a10'),(31,'Monitor: 180189\r\nMáquina: 179222','a954691c-b57e-410f-b612-d9e1f37b9942'),(32,'Monitor: 180551\r\nMáquina: 179226','fbed6c7d-c34b-4487-b110-f52a6bf43e5c'),(33,'Monitor: 180192\r\nMáquina: 179234','3db11062-3acb-405d-be63-4f6173a675e6'),(34,'Monitor: 180188\r\nMáquina: 179235','db21c7d3-5e6a-4153-ae7c-a58662ed1bfe'),(35,'Monitor: 180191\r\nMáquina: 179224','77b41d10-0cef-449b-871b-3069af7c7a96'),(36,'Monitor: 180184\r\nMáquina: 179228','7f8596d8-9440-499c-9736-49d12662f928'),(37,'Monitor: 180554\r\nMáquina: 179232','685598d6-06ed-46ec-ba75-9da0a85fa07b'),(39,'Monitor: 180185\r\nMáquina: 179239','ec5a54eb-a094-45ac-9860-34e658ad2102'),(40,'Monitor: 180548\r\nMáquina: 179230','10f774e4-da61-4c97-9b39-d194852ea082'),(41,'Monitor: 180556\r\nMáquina: 1','9c692f9e-905b-40c4-9702-13b7ba265eef'),(42,'Monitor: 180183\r\nMáquina: 179221','73c7bfe4-c6b2-4add-bdc0-3c298ab639de'),(43,'Monitor: 180553\r\nMáquina: 179238','d7d91b8b-7527-4e33-976d-ce5889ca2bfd'),(46,'Monitor: 109191','764ccf5d-1ca7-486f-babe-60fa4b717a00'),(47,'Monitor: 109205','2ff4d756-5fa4-4e72-8e6b-833f9a939600'),(48,'Monitor: 109219','8c1a1434-be8b-472b-8ae1-4e25a89111ff'),(49,'Monitor: 109224','489aa056-3d3d-46f9-86c9-6a6b4cff4ae8'),(50,'Monitor: 109521','d6ec0a39-7647-4544-914b-07efc675862e'),(51,'Monitor: 117103','8c290a29-d4be-4549-bdb4-ea2212d98d03'),(52,'Monitor: 109512','c16ad8dc-117d-480f-83ba-70eb2a00fe46'),(53,'Monitor: 117099','85d8bac9-6709-4704-83df-b8d57fbf6088'),(54,'Monitor: 117104','d9b52cbc-3c4f-435a-ac24-0ac2966e245b'),(55,'Monitor: 109504','4ab8a522-59f1-4b64-a680-e6fdfba33ea5'),(56,'Monitor: 109186','eca2910a-b078-4ba7-beb3-c8d2294ad4fa'),(57,'Monitor: 109196','c3213252-5ef4-41fa-b001-fb7c354e54f3'),(58,'Monitor: 109192','736164d5-4eec-4635-9845-46c715994d06'),(59,'Monitor: 109207','fe0d0c50-b906-43d6-aecb-bd6968b64950'),(60,'Monitor: 109201','a62aab4e-7397-44b3-90be-41d4dd50ba16'),(61,'Monitor: 109213','fa1cf7dd-b7bd-44e8-9044-ea71e25e99df'),(62,'Monitor: 109221','88e0efe6-cac8-457e-9c20-f8ecf9123221'),(63,'Monitor: 109187','d493c0c2-5584-4146-a2c7-d99b5387f057'),(65,'Monitor: 109203','75a3c086-c1b1-4c58-a7df-05518dc30d5e'),(66,'Monitor: 109222','62937441-2c7f-45ba-9084-d9f61d355ae1'),(67,'Monitor: 109212','4c144d4d-926e-45a9-aa34-80f1167a15bd'),(68,'Monitor: 109244','560c64eb-37ef-4671-b1f7-9f92f2f61d2f'),(69,'Monitor: 109240','c71fb161-bf68-498c-a641-0dcd3120331f'),(70,'Monitor: 109237','bebade16-9a63-4414-9817-1d0c7a86822b'),(71,'Monitor: 109199','9d72c632-5b5f-469f-9d1a-471a2aeca189'),(72,'Monitor: 109225\r\nMáquina: 179227','769c8c77-e9b5-4be4-80d0-71f0a99634ae'),(79,'Monitores sem tombos','ef2c8927-f674-4b9c-9f81-285ef6e78847'),(81,'Não há tombos.','5ff2e992-4b8e-4d7a-abd8-385d5772cf40'),(85,'Sem tombo','4f34f193-76f7-465c-bbcb-abed8d30fb13'),(87,'118354','5510b220-cc15-4de5-be8b-546215209952'),(88,'118353','952976d9-16dd-486e-a935-fa1c45f40796'),(89,'135631','ee5c5d79-6b8f-43ef-b3b1-62e2e279fee7'),(90,'135632','eabd3a3f-4c50-48c3-8db4-2dbb15b3c10b'),(91,'Não há tombos','398defed-1448-428d-a5fc-6625334c798f'),(92,'Sem tombo','c541662c-cd27-480d-885c-d3707037bfb5'),(93,'118350','d97f0ff9-068b-4153-b3b3-7fff416764ba'),(94,'Sem tombo','fb004856-b67c-47f2-8385-91830eb2c726'),(95,'Sem tombo','91afa231-b6e0-4fa3-8fc4-1c6d85c67a02'),(96,'135636','66f9a529-4567-4c5b-acd8-fee23fc55b9f'),(97,'135633','21c20363-5729-4276-8a84-e53c62725ad6'),(99,'135629','9f9b3d89-3408-4644-93a1-7d54dd9e1d60'),(106,'118356','b59d6045-3277-4d85-93b3-13cd4440f8e1'),(107,'135630','c5bd81e4-7167-4351-b5db-81d670a6c173'),(108,'135639','da773c7f-086a-4b09-b5c4-3248118e08c6'),(110,'Sem tombo','d37aa0b3-312f-41ed-8bc5-90ef2bb969d5'),(112,'135640','e60afc96-a67e-499a-8010-6070310860c9'),(115,'Sem tombo','f97f3faa-a2d8-4ad1-aaa2-1f74d782ab88'),(118,'Monitor: 109193','3aa189c0-d3ef-4fcd-8b2e-a49a05298cfc'),(119,'Sem tombo','1e216553-f7d4-46f7-be1c-2136c1087a23'),(120,'146725','8244b644-117c-4642-a370-c9697dba80a9'),(123,'146725','084960fa-4637-4e77-8dd3-e930451be278'),(124,'129195','9f1f4719-fe17-4140-9b8e-484675ee0a52'),(125,'122480','8c57eb4d-a1e8-466c-b550-3b72672d9dd7'),(126,'109208','01ff1e84-a740-4c73-9619-2510afe0aac1'),(140,'118355','64c9df56-7f67-48df-b5c3-5630ae8a670d'),(143,'ID : 1','0eceb0a5-1e62-4911-ba2c-050730c1e3b5'),(144,'ID : 2','8655afa6-5efb-4c04-b312-5bd776eadff1'),(145,'ID : 3','44dd350f-ba44-4e9e-b2ef-e7e95b31fc8a'),(146,'ID : 4','163b307d-fe2b-4060-b485-af90b7fce9f1'),(147,'310009197132','394a2a23-c738-4e10-a746-a337d5122651'),(148,'310009197130','7e9a654c-6d2e-47bb-895b-7454b0b9dbce'),(149,'ID : 5','4be401e1-296d-46d8-87d3-feccbb40fca4'),(150,'118351','49de240e-7dc6-4da3-a916-c8f30115abbb'),(151,'118352','d5f98810-a72b-4acd-987b-c18af409d2be'),(152,'310009197124','39e2d9a2-d217-4db0-9a06-e11a85d3cca5'),(153,'310009197131','71f0b2f0-2638-4af8-abe5-9b529169b9d0'),(154,'ID : 6','bd3d5861-fb68-46c9-a29b-7752d7b731a8'),(156,'85410','0ace6436-7212-468c-bb47-6a1c7978c231'),(157,'ID : 7','c39e3d16-d056-4b5d-a823-cc5cbee9aaf3'),(158,'310009197127','42a0fc38-3a93-4cb4-b17a-aea1803484e6'),(159,'310009197128','f2483459-9e5c-4fc2-8252-98cd789e5823'),(160,'31009197126','743ab1e9-b260-4627-b18d-26a426ad1332'),(161,'31000919729','3cee9925-27e4-4f0f-a1ab-a30639de9d91'),(162,'118349','7d328f86-ac70-424c-9039-30d1427b5f64'),(163,'310009197125','b0ac342e-44df-4dec-a7a0-18fa8fdfea55'),(164,'Não há tombos','1911bfcd-8231-433e-bb36-b3c24595c42f'),(165,'Não há tombos.','3e208901-c305-485d-9b0d-56e37aeb49a5'),(166,'Não há tombos','72a419c6-9db6-48ac-8bc4-c22f134d7a7b'),(167,'142152','aa49288e-9f5b-499b-aa11-057d569af682'),(168,'130229','55a59abe-4723-42ab-9d50-29164da5a49c'),(169,'Não há tombos','f982fbba-1666-4fc4-896a-f9edf6e0ac9a'),(170,'Não há tombos','b7528fb9-bcef-426c-865b-d0a8ee608bd5');
/*!40000 ALTER TABLE `items_itemtombo` ENABLE KEYS */;
UNLOCK TABLES;
/*!40103 SET TIME_ZONE=@OLD_TIME_ZONE */;

/*!40101 SET SQL_MODE=@OLD_SQL_MODE */;
/*!40014 SET FOREIGN_KEY_CHECKS=@OLD_FOREIGN_KEY_CHECKS */;
/*!40014 SET UNIQUE_CHECKS=@OLD_UNIQUE_CHECKS */;
/*!40101 SET CHARACTER_SET_CLIENT=@OLD_CHARACTER_SET_CLIENT */;
/*!40101 SET CHARACTER_SET_RESULTS=@OLD_CHARACTER_SET_RESULTS */;
/*!40101 SET COLLATION_CONNECTION=@OLD_COLLATION_CONNECTION */;
/*!40111 SET SQL_NOTES=@OLD_SQL_NOTES */;

-- Dump completed on 2024-11-13 16:34:12
